id,domain,status,purchase_price,renewal_price,attractiveness,demand,length,registrar,created_at,expires_at
00004bb5-6dd9-41e0-a7d1-f65d80231339,MickeyMouse.financial,available,66.98,,86,11,12,namecheap,,
00005858-2d0d-4adf-86f5-f7525769b01b,makeupartist.forsale,available,19.99,,76,5,13,name.com,,
00030796-7584-4e2d-b1e1-a678c93c7e64,candles.cars,available,2950,,67,13,7,namecheap,,
00036fac-b5c6-40c1-90aa-4f0c14e23612,becalled.christmas,available,34.99,34.99,86,2,9,namesilo,,
0003ad30-9559-4884-b4b9-99e2e2139177,makeupartist.systems,available,21.99,,76,5,13,name.com,,
0003d0d6-e677-4a00-b7ac-4af5468335cc,AcademyAwards.tube,available,33.98,,68,3,14,namecheap,,
0005df06-3ce6-45ac-a144-d9dcba38f350,chickensalad.tools,available,17.99,,76,3,13,name.com,,
00067a0d-a30c-467e-bd4e-cbd1b843563d,dogsledmail.phd,available,26.99,,94,0,12,name.com,,
00098345-0f19-410c-9ff6-af0e045ebc15,quote.shop,premium,1250,,82,31,5,name.com,,
00098b0d-47d0-4ee8-a58a-b5673b05b414,dogsleds.dealer,available,350,,76,1,8,name.com,,
0009d7e3-9bd9-4a19-9547-cdde504acd31,weddingcake.graphics,available,31.98,,85,5,12,namecheap,,
000f6541-20f8-4396-b86c-2f192fcc4946,cucumbers.dentist,available,65.99,65.99,74,4,9,namesilo,,
00103459-40e4-45fa-a1f5-be7741c7f6e9,furnishings.shiksha,available,19.99,,80,5,11,name.com,,
0010e53a-7d3b-43f5-91d7-e068ed2112f9,becalled.luxe,available,19.49,19.49,86,2,9,namesilo,,
0010ea21-8841-4577-9973-3d67fc908dc0,tablets.pet,available,19.99,,68,11,7,name.com,,
00131037-a280-41ac-84b2-0a89bf9c5520,destinies.barcelona,available,38.98,,72,4,9,namecheap,,
0013d229-ecd7-4d15-9eda-5ef6199b9c29,Instagrammable.mobile,available,26.98,,72,2,14,namecheap,,
0013f2c4-c82a-4cdb-bb2c-0b1466505a46,dogsleds.photos,available,14.99,,76,1,8,name.com,,
00149040-5adc-4ef4-aa76-87426be3a05f,butterflies.green,premium,312.5,,90,8,11,name.com,,
0014c3af-a113-4271-8dce-7a5329dc3e63,songbirds.qpon,available,1.99,,64,6,9,name.com,,
0015c2b4-bf25-491c-abb2-7af0b62d0909,chickensalad.maison,available,19.99,,76,3,13,name.com,,
0016ab3d-c4dd-40db-a141-11f60656a461,AcademyAwards.catering,available,48.98,,68,3,14,namecheap,,
001818a9-fb6a-43d2-af3e-6c90101226f5,Apples.lifestyle,available,48.98,,90,16,6,namecheap,,
00189374-593f-4243-b78a-077839be0ee7,chaitea.fun,available,4.99,,86,3,8,name.com,,
0019239e-c91b-455c-9d4d-b88dde545ed2,satisfies.builders,available,7.99,,67,2,9,name.com,,
001b597a-193e-4326-8c8b-818d41ce4746,CyberMonday.lat,available,40.98,,78,10,12,namecheap,,
001b651c-c119-4f30-9e60-17941451e847,letitbe.meme,available,15.98,,89,7,9,namecheap,,
001baeb5-b038-4829-92f9-f24fed3811de,filets.uno,available,3.99,27.99,66,2,6,namesilo,,
001d2d41-dc3e-405d-89c9-aa28aa7a44c1,CoventGarden.bike,available,48.98,,72,6,13,namecheap,,
001d4bdb-7d18-479c-8650-a4723cf43fea,thirdyear.video,available,14.99,,66,1,10,name.com,,
001d5d36-564e-4b23-a697-bc56a1845f09,profitability.studio,available,21.99,,76,8,13,name.com,,
001e1e2f-2943-44e5-b0b5-ddc948b6742b,Snickers.surf,available,43.98,,80,10,8,namecheap,,
001edf6b-180f-4a9f-9f37-21fd5d9c0232,barbecuesauce.navy,available,42.99,,76,2,14,name.com,,
001f91bb-f807-4ad6-ba88-77ea9c7aa090,destinations.chat,available,9.99,,72,14,12,name.com,,
002092fd-eaca-4a7f-af0b-307fd674a9df,teeheehee.lawyer,available,66.98,,88,1,11,namecheap,,
00247bed-8c88-4ad1-8a1c-bec2097b87c2,veggies.direct,available,19.99,,64,7,7,name.com,,
002542d3-9823-4524-9949-25e4026f212c,Tshirts.horse,available,43.98,,70,20,8,namecheap,,
0025cd57-85e2-45c0-85ec-12e6db129bdb,buttercups.markets,available,9.99,,68,4,10,name.com,,
0026402e-0446-4e94-9c9f-f7a5dcf149ba,dogsledding.community,available,14.99,,76,2,11,name.com,,
0026c226-171a-4373-a9d2-8570cafa21b4,barbecuesauce.win,available,9.98,,76,2,14,namecheap,,
002778bf-9a92-473d-b8f7-e0aaa67173b1,abides.reise,available,99.99,,70,4,6,name.com,,
0028081c-2913-43f3-9722-f54e065306a5,blueberries.link,premium,141.75,189,70,9,11,namecheap,,
00289c63-bab8-4397-91fe-8b06e6785a9e,dogsledding.coffee,available,23.99,,76,2,11,name.com,,
0028b2e5-d9d7-40b6-8398-1eeaae02385a,recognition.hamburg,available,59.99,,92,11,11,name.com,,
0029f91d-8d41-4420-bafd-f38b0a49a2ce,dogsbodies.bond,available,1.88,14.95,76,1,10,namesilo,,
002b72c1-e87d-406c-b133-b9a295d6ae06,fruits.careers,available,49.99,,74,17,6,name.com,,
002c046c-fa7f-418d-b068-45efe6657455,dogsit.plus,available,21.99,,96,2,6,name.com,,
002db4ce-807a-49f8-89b5-4e469fceb064,JollyRoger.rodeo,available,17.98,,82,10,11,namecheap,,
002dceea-b95f-4bb9-b6a3-a9f9d724b0f4,slicedbread.channel,available,16.48,,86,4,12,namecheap,,
002e2f17-7370-40d4-8306-6ab26da6e2af,dogwoods.la,available,27.99,27.99,76,2,8,namesilo,,
0031659e-172e-4ce5-91e3-52ffd4ecf740,cuddleup.town,available,9.99,,89,4,9,name.com,,
00339c09-37a0-45d2-9a9e-4b98da5787c2,MardiGras.news,available,41.48,,78,10,10,namecheap,,
0034d168-4f1b-4e66-8ab1-e02d5e3a37e7,songbirds.stream,premium,437.5,,64,6,9,name.com,,
00355e0b-b1a2-4241-9da8-83dc477d4ac6,icons.icu,premium,40.6,81.2,68,19,5,namecheap,,
0037c69a-c2b6-42d2-aa3e-89f9e633bca4,letitbe.mobile,premium,375,,89,7,9,name.com,,
00381b10-5967-4db7-b3a9-122a2592d07c,Tshirts.reisen,available,24.99,,70,20,8,name.com,,
0038a122-b587-41dd-a1fa-01bc591ac456,alternativerock.fund,available,15.99,,72,1,16,name.com,,
003a5543-2ba4-496c-b2d0-a854ae8c8caa,schools.voyage,available,9.99,,72,24,7,name.com,,
003cec39-6145-4799-918e-dc94f8a79c59,favors.graphics,available,31.98,,76,8,6,namecheap,,
003eaf3f-e83e-49ba-902b-e90f4c892bef,dogwalking.onl,available,4.99,,94,8,10,name.com,,
003fc2b7-3d5a-4392-8d83-b600eb55c2ee,WonderWoman.horse,available,43.98,,92,10,12,namecheap,,
004104c3-ef0f-417c-8bbd-a465eeee2480,FabFour.kaufen,available,5.99,26.99,82,3,8,namesilo,,
00429fbe-f502-4eff-9c99-cd5dbd12f934,AcademyAwards.hosting,available,398,,68,3,14,namecheap,,
0043c173-38f8-4d55-affb-74e9db282442,blueberries.men,available,9.48,,70,9,11,namecheap,,
004698a2-b3a3-4d71-9a9e-6bfe56ceff10,JollyRoger.contact,available,16.78,,82,10,11,namecheap,,
0046c4ee-033a-4c1d-81d1-e91d13f39ddd,makeupartist.bargains,available,21.99,,76,5,13,name.com,,
00470ded-017a-49ad-97e9-70b9fab29652,bonappetit.watch,available,4.99,,86,8,11,name.com,,
00477926-07bb-4ab0-87ce-ac22c37786a1,jetaircraft.investments,available,14.99,,62,1,12,name.com,,
00482a02-fe57-42a2-9aa1-229bcf4f7be8,abiders.download,available,9.98,,70,2,7,namecheap,,
0048a308-48a9-4668-bf99-bfa653a2f276,AcademyAwards.college,available,81.98,,68,3,14,namecheap,,
004a3284-ae4a-4c11-80e7-b515f4e1c206,finalfrontier.life,available,2.99,,76,7,14,name.com,,
004a36e0-9bf0-4a05-9a4d-f90b2f95e6e4,dogsbodies.chat,available,9.99,,76,1,10,name.com,,
004c32e4-c4f6-4100-a93f-cbf7f3331431,letitbe.viajes,available,57.98,,89,7,9,namecheap,,
004c4b4c-2843-4e76-8974-ce294309a127,Trex.center,available,42.98,,80,24,5,namecheap,,
004dfdd1-9291-4eb1-8697-23e3a280d06c,sweetdreams.barcelona,available,38.98,,64,14,12,namecheap,,
00518dca-79b4-4e56-94cc-6cb7c020d88f,dogstooth.mortgage,available,14.99,,76,1,9,name.com,,
0051adce-e90f-4b2e-8e3e-0e0414a29d54,filets.show,available,17.99,,66,2,6,name.com,,
0052dd72-81eb-4f02-ae44-f562e7acdf64,dogsit.dance,available,17.99,,96,2,6,name.com,,
0053d5c9-e1ba-4905-8573-9ba977e02e79,Snickers.gives,available,37.98,,80,10,8,namecheap,,
0053f54a-dec6-4aac-88e2-0fa252dab70c,CoventGarden.ventures,available,75.98,,72,6,13,namecheap,,
0054df4f-64a8-4232-9e56-521342bc39c6,cuddleup.gripe,available,8.98,,89,4,9,namecheap,,
005642d1-eaea-4d5c-9dba-08d1e560775f,chickenstrips.institute,available,9.99,,74,2,14,name.com,,
00578387-ea68-4cc9-bddb-ae4f16b7008a,hats.engineer,available,13.99,,65,15,4,name.com,,
005a164f-9a46-4ba3-a0b9-fae099c23dbc,thirdyear.lol,available,1.99,,66,1,10,name.com,,
005a675f-9f59-4527-bf50-559e2fbc36d9,dogsit.media,available,7.99,,96,2,6,name.com,,
005af148-102c-47fa-9bec-3baafd42dd67,ColonelSanders.paris,premium,,,68,1,15,,,
005b8150-c72b-4649-8f86-2d07070ee83c,dogsick.uk,available,9.98,,90,1,7,namecheap,,
005dd520-ffb2-468e-a0a5-9f1608eab817,letitbe.rest,available,19.99,,89,7,9,name.com,,
005e9cf8-0f22-4635-b6cb-cd2015cf37da,unicorns.credit,available,11.99,,73,21,8,name.com,,
005f0b45-0241-410f-8c64-092ed985e315,storytellers.theatre,available,509.99,529.99,66,12,12,namesilo,,
005f6d94-d6fc-415a-b61a-b0f21068620d,secondyear.pet,available,19.99,,66,1,11,name.com,,
005f7a03-21c3-4f41-a406-275d5b2ffdb1,secondyear.casino,available,12.79,159.99,66,1,11,namesilo,,
00646117-ac06-409b-9c23-cbba7c7ffea9,favours.software,available,19.99,,66,4,7,name.com,,
0065f9f5-8caa-47f9-87e6-5f6a6c1536f1,becalled.men,available,5.25,6.25,86,2,9,namesilo,,
00667b9c-e083-450c-abee-ada3eb71a53b,beaches.futbol,available,17.99,17.99,72,14,7,namesilo,,
00670b2a-4b2a-4a0a-a788-58c527267e36,abides.solar,available,9.99,,70,4,6,name.com,,
006a0052-4427-4b58-891b-3cd579708619,alternativerock.fitness,available,9.99,,72,1,16,name.com,,
006bd0e1-daa4-4f4e-ad05-f47e2138c6f0,criteria.villas,available,19.99,,88,10,8,name.com,,
006d960f-e8bf-4f02-b9a5-b161ba880740,bonappetit.bond,available,2.49,,86,8,11,name.com,,
00718ad1-3928-4e52-b9f7-6e4484ac3b1c,divinegrace.voyage,available,9.99,,68,3,12,name.com,,
0072a4d5-eec6-4e0d-8737-4d2a69292e5b,dogsick.party,available,9.98,,90,1,7,namecheap,,
00740b26-606a-4e44-8307-d1afe0ed7ea8,chickenstrips.trade,available,9.98,,74,2,14,namecheap,,
00747006-28ef-40ed-b0f0-9f00ddd6b350,destination.computer,available,29.99,,90,25,11,name.com,,
00747f41-adae-4f8a-81a6-c0dca35767fc,MardiGras.pictures,available,20.98,,78,10,10,namecheap,,
00748077-417d-4928-9029-6680579c6574,profitability.forsale,available,19.99,,76,8,13,name.com,,
00780462-05a0-4424-8420-8e0d95e23ef6,MerryXmas.auto,available,2950,,70,4,10,namecheap,,
00785c84-5630-47c1-a2f5-e9a1543ee1f4,JollyRoger.style,available,49.98,,82,10,11,namecheap,,
0079cee8-3bfc-46bd-afce-15776dd53645,dogwoods.bond,available,1.88,14.95,76,2,8,namesilo,,
007b3104-c4e1-4745-ab82-0ec8c5701228,constants.auction,available,4.99,,70,4,9,name.com,,
007b6b9e-60f4-4af7-9b66-e8da155990e8,gems.report,available,14.99,,70,28,4,name.com,,
007bf6bc-ff4e-4982-98e4-090c854e75e3,songbirds.direct,available,19.99,,64,6,9,name.com,,
007f1b1c-ef44-4e94-878e-ce73ec25a93d,abilities.free,premium,125,,74,4,9,name.com,,
0081b7d2-efc4-4794-abf4-06a51a788c31,constants.theatre,available,509.99,529.99,70,4,9,namesilo,,
0082e876-0971-4f43-9e9c-4c7a1adad962,RomanEmpire.day,available,16.98,,86,4,12,namecheap,,
0085b86f-1c08-4183-85c5-d0c519027a7b,MickeyMouse.love,available,38.98,,86,11,12,namecheap,,
008810b4-f627-41da-8684-0248f709488e,jetaircraft.cam,available,22.98,,62,1,12,namecheap,,
008a1f99-cd2a-4739-8415-ec5699364c22,WonderWoman.day,premium,82.6,82.6,92,10,12,namecheap,,
008a9649-920e-4116-9cd9-482a927a537b,slicedbread.rehab,available,14.99,,86,4,12,name.com,,
008cc47a-ed96-4b41-92ee-063ddc746aba,furnishings.promo,available,19.99,,80,5,11,name.com,,
008d00db-c48f-4370-a0e9-67013eaf4c5e,thirdyear.tube,available,23.99,23.99,66,1,10,namesilo,,
008f1da4-6309-44d0-bb3e-843238f3bbbb,coffeebreak.paris,available,51.98,,86,10,12,namecheap,,
008f474e-c28f-4c2b-9cf2-f3a5a7d3fb96,weddingcake.bio,available,9.99,,85,5,12,name.com,,
00900925-5c0c-48d0-9649-2f6ab47b0938,towels.bond,premium,205.8,411.6,68,9,6,namecheap,,
00905dc3-67d3-46ab-95e2-836ea23a9266,icons.coupons,available,3.99,,68,19,5,name.com,,
0093ae48-8379-4d9c-973f-da6957a0d791,lordoftherings.plumbing,available,14.99,,80,5,17,name.com,,
009810d4-567e-4d53-87d7-3e692dbd15c6,tablets.casa,available,17.98,,68,11,7,namecheap,,
00983dfd-32f9-40a7-8f8b-dd2db8dde1bb,chickensalad.vin,available,11.99,,76,3,13,name.com,,
009a8424-db6e-4dee-8845-a7eb08d46f95,fruits.srl,available,49.99,,74,17,6,name.com,,
009b02c4-91ed-40f3-9eb9-ee841cb7191a,filets.engineer,available,13.99,,66,2,6,name.com,,
009b813e-aee2-4532-b3ab-c1e8ff25908d,diamonds.paris,premium,367,,89,27,8,name.com,,
009bb1e9-c577-4844-9a64-bad74648bee3,AcademyAward.condos,available,72.98,,76,1,13,namecheap,,
009d05cd-20de-44cd-afe0-7481dab1d99a,superhero.menu,available,38.98,,84,23,9,namecheap,,
009d471d-5387-4c00-a5d9-3d411acefa52,Acup.party,available,9.98,,80,5,5,namecheap,,
009dc650-17c2-4149-a684-eb6ee0a08d90,destinies.health,available,19.99,,72,4,9,name.com,,
009e36ab-edae-4f7f-a30f-5142ab06a0b5,cuddleup.trading,available,19.99,,89,4,9,name.com,,
009f2b4f-66a0-4a60-b7f0-c61cbb9f25c2,dogstail.webcam,available,17.98,,94,1,8,namecheap,,
009f4686-8d5b-45c4-bd2a-ef0bacc6953d,slicedbread.solar,available,9.99,,86,4,12,name.com,,
009f9d18-a30a-44ab-9069-bd9e02e8f6fa,finalfrontier.cash,available,17.99,,76,7,14,name.com,,
009fa634-62e6-496d-ab56-1fad44cc00ce,barbecuesauce.shoes,available,39.99,,76,2,14,name.com,,
00a09417-9ff4-433b-85ea-b6ae6ab0b129,satisfies.doctor,available,14.99,,67,2,9,name.com,,
00a14eea-f82c-4cd1-91da-dc5351755e3a,furnishings.tv,resell,,,80,5,11,Dynadot Inc,25/11/2022 18:01,25/11/2026 18:01
00a17aad-2ef9-4950-98bb-20092d6fe946,CoventGarden.maison,available,69.98,,72,6,13,namecheap,,
00a17ffe-6f1d-4074-9584-fe74230cb399,Rhianna.shop,available,48.98,,81,3,7,namecheap,,
00a31844-c2b4-4ab2-9c00-a92226762d95,desires.house,available,27.99,,72,9,7,name.com,,
00a4c1ac-f447-48bf-9c6c-17e29e6d2fb4,Duracell.markets,available,26.98,,86,7,8,namecheap,,
00a5446c-425c-4d36-9556-3d600b056081,chickenstrips.black,available,29.99,,74,2,14,name.com,,
00a629e4-7a9a-48dc-bf9a-072615a08a2c,Olympicflame.new,available,601.98,,78,1,13,namecheap,,
00a65868-d112-4f56-b060-66e016404008,Trex.berlin,premium,,,80,24,5,,,
00a74a10-38c2-41b8-8f2a-05973a511151,thirdyear.estate,available,14.99,,66,1,10,name.com,,
00a8785e-1e68-46bd-b865-b161ab19cb2d,butterflies.hair,available,1.99,,90,8,11,name.com,,
00a938ed-2cec-41d0-9dd3-6fe2c43ed214,JollyRoger.supplies,available,32.48,,82,10,11,namecheap,,
00ab0478-9fab-4d53-93f8-6170b6797c2b,dogsbark.sydney,available,54.98,,76,1,9,namecheap,,
00ac9986-4daa-4272-a8d7-5f9f1806a33a,dogsit.voyage,available,9.99,,96,2,6,name.com,,
00ad5228-5f82-4995-b471-671571e847f6,profitability.security,available,2950,,76,8,13,namecheap,,
00adcad6-f5d5-48e8-b07b-5970669796d5,appreciation.watch,available,4.99,,88,13,12,name.com,,
00ade2a8-bc0f-4379-a890-d5076bf75985,teeheehee.motorcycles,available,1.99,,88,1,11,name.com,,
00b08eaa-7222-455c-8607-4121fb68c756,secondyear.markets,available,9.99,,66,1,11,name.com,,
00b1a663-73d8-4261-a399-2ded8ae904a1,thirdyear.fan,available,11.99,,66,1,10,name.com,,
00b1dbbb-6f3b-4857-a109-85ce9125b125,hats.cards,available,3.99,,65,15,4,name.com,,
00b33469-d226-45db-ad69-5fb9ec343297,superhero.horse,available,43.98,,84,23,9,namecheap,,
00b40d74-425f-4932-bda1-4fffbc7cb4d6,cucumbers.cooking,available,32.49,32.49,74,4,9,namesilo,,
00b4f487-99e4-4262-aace-f15931519c2e,finalfrontier.careers,available,49.99,,76,7,14,name.com,,
00b5b724-4fe5-47c3-bf89-a4dda4b6db6c,dogsledding.wedding,available,32.49,32.49,76,2,11,namesilo,,
00b73f01-b1a0-4090-823c-cfa193697861,chickpeas.food,available,5.49,39.99,62,3,9,namesilo,,
00b75ec7-d2f5-42b8-923b-53dba0e25284,veggies.forsale,premium,123.75,,64,7,7,name.com,,
00b86c1d-040f-4f12-a94b-6328597c4157,JollyRoger.deals,available,51.98,,82,10,11,namecheap,,
00bacde9-559b-4abe-bda2-22a19f206814,signlanguage.it,available,25.99,,76,8,13,name.com,,
00bbfa0b-14b4-4a02-83b1-914e95fff596,gems.forex,available,19.99,,70,28,4,name.com,,
00bc71d2-88a2-498b-94c2-eac5978abe56,chickensalad.now,available,49.98,,76,3,13,namecheap,,
00bc8bf5-98c4-4959-80a0-e1db5cada7f1,conflicts.tennis,available,65.99,65.99,66,5,9,namesilo,,
00bc8f97-c26d-42aa-9b53-58d0c5e441d6,satisfies.cam,available,22.98,,67,2,9,namecheap,,
00befc66-08f6-40a5-abe2-cf22f68d4d93,solarenergy.haus,available,19.99,,88,16,12,name.com,,
00bf36e6-288a-4a37-bddc-54fdfdc5f4b2,dogsbodies.eu,available,5.49,9.99,76,1,10,namesilo,,
00bf6848-5500-4917-88aa-90c1b1b3fd98,pierogi.glass,available,77.99,,82,7,7,name.com,,
00c099dd-9ede-4a12-8bb8-c2943ba21a6e,cuddleup.theater,available,19.99,,89,4,9,name.com,,
00c28a6b-168b-436f-a5c3-83535374f9be,bonappetit.tips,available,14.99,,86,8,11,name.com,,
00c38b6e-08b1-4772-b558-9b7fed23e832,conflicts.black,available,29.99,,66,5,9,name.com,,
00c8817d-7aa8-41a1-b89d-4228f2482243,dogsledmail.recipes,available,11.99,,94,0,12,name.com,,
00cb65e7-9ef9-49e8-ad3e-873bf98ec827,furnishings.plus,available,21.99,,80,5,11,name.com,,
00cd1850-30bb-4ac9-b22c-eb519a2c26b0,MerryXmas.singles,available,36.98,,70,4,10,namecheap,,
00ceefbb-df05-4f8d-8eca-a6b600af77c5,thirdyear.storage,available,509.99,529.99,66,1,10,namesilo,,
00cfc76a-9501-4040-b5b2-b45db0da82e0,gems.realty,available,109.99,299,70,28,4,namesilo,,
00d040be-3d8e-4011-8ec0-8b0bf440930e,signs.casino,available,17.99,,64,22,5,name.com,,
00d0aed6-a7b7-44c6-842a-7abbffbfcb6d,beaches.financial,available,29.99,,72,14,7,name.com,,
00d2241c-2e6d-476e-9ceb-df40b47adb8b,Apples.college,available,81.98,,90,16,6,namecheap,,
00d4ee86-5a6f-436b-9dbd-0860b131a4ef,teenyweeny.florist,available,14.99,,78,2,11,name.com,,
00d5530c-deb3-4e3f-b496-50b123f43eb6,desires.monster,available,1.99,,72,9,7,name.com,,
00d5c9f0-6135-4da2-8218-c65cf5008e42,jetblack.broker,available,19.99,,82,8,9,name.com,,
00d656fb-ad59-4884-8496-41863f910f1c,Trex.fast,available,35.98,,80,24,5,namecheap,,
00d67739-6fbc-4940-b7e5-5ebed35219b8,neuroscience.voyage,available,9.99,,80,37,12,name.com,,
00d7036d-f837-4c32-8b48-2db4b7b64eb8,AcademyAwards.protection,available,2950,,68,3,14,namecheap,,
00d81abd-7b90-4ffd-94a0-da3b393aad89,towels.academy,available,21.99,,68,9,6,name.com,,
00d842a0-5f3e-4b93-8486-faa13812d066,matcha.christmas,available,49.98,,86,39,6,namecheap,,
00d9b95d-c465-4a11-89eb-9c4f00688e7d,favours.events,available,21.99,,66,4,7,name.com,,
00dac9b8-0916-481c-beb7-8a4b65870560,CocaCola.cfd,premium,360.5,721,92,82,9,namecheap,,
00dd125c-b5b2-44c0-9652-09b017203a10,lordoftherings.bargains,available,21.99,,80,5,17,name.com,,
00de59e5-6274-44d1-bcb5-634a70fa9eec,cuddles.flowers,available,64.99,114.99,71,10,7,namesilo,,
00e07542-4459-4b85-b056-ce512cbb0e5e,jetaircraft.deal,available,48.98,,62,1,12,namecheap,,
00e1513f-18a5-42f8-93b3-d2802b7caf85,chocolates.art,premium,62.48,83.3,70,11,10,namesilo,,
00e19942-55c5-4906-92c7-e6c02a4a75a2,HarryPotter.airforce,available,134.98,,72,20,12,namecheap,,
00e24a06-3a44-4be1-81c4-544bde4e8fcd,abided.ooo,available,34.99,,70,1,6,name.com,,
00e3a5cb-5add-4dff-872b-fc3ed8dcf7c1,key.management,resell,,,80,42,3,Porkbun LLC,24/07/2018 21:19,24/07/2026 21:19
00e7e2df-7904-4779-aabd-fe858f897a7c,chickpeas.fans,available,9.88,9.88,62,3,9,namesilo,,
00e821c2-be77-4076-b281-5b33a879116d,inspiration.miami,available,30.98,,88,30,11,namecheap,,
00eafde7-7a3d-4d7c-84c0-e8215d0ebc98,solarenergy.law,available,119.99,,88,16,12,name.com,,
00ebe42e-939a-43c3-9ee4-77651cbdcffa,deeplearning.futbol,available,19.99,,74,23,13,name.com,,
00ebe91f-9b8f-40e5-b57c-f21ba72a251e,appreciation.red,premium,82.5,,88,13,12,name.com,,
00ec0de3-59e8-4912-a699-d13dc4b41073,weddingcake.vc,available,39,,85,5,12,name.com,,
00ecc402-75c8-4191-b28d-0ad26814455f,lordoftherings.soccer,available,19.99,,80,5,17,name.com,,
00ee578a-7a79-4826-bda0-52584f4ba60d,favours.futbol,available,19.99,,66,4,7,name.com,,
00eeb71d-e952-4128-87d0-6c36945ff550,finalfrontier.wedding,available,43.98,,76,7,14,namecheap,,
00f1f458-3c63-4f28-aed0-ba94b1db165c,buttercups.melbourne,available,53.98,,68,4,10,namecheap,,
00f28b5f-e510-44ec-af1b-cef9b9147fa7,veggies.melbourne,premium,893.12,,64,7,7,name.com,,
00f32b34-a976-4ae8-87fe-130a89aba3c1,cherryontop.broker,available,19.99,,78,18,13,name.com,,
00f37603-652b-4781-8484-9a34b2e78323,buttercups.college,available,29.99,,68,4,10,name.com,,
00f5dff4-6cc5-457d-b55d-0dfd6bef5eb5,destinies.qpon,available,1.99,,72,4,9,name.com,,
00f6b2a1-a682-477c-9a53-45b2cf826af9,abides.quest,available,1.99,,70,4,6,name.com,,
00f996e3-13eb-47f7-8997-d73111a5df27,satisfies.salon,available,14.99,,67,2,9,name.com,,
00ff91fc-3f7e-4244-9115-bd6af0306592,dogwoods.fast,available,29.49,29.49,76,2,8,namesilo,,
01009f0a-ff54-4571-9a84-638a57396b1d,letitbe.page,available,15.99,,89,7,9,name.com,,
0101042c-e5f7-482e-af52-c0524585472b,schools.place,premium,14,28,72,24,7,namecheap,,
010213cf-2c84-4349-8d91-9632c6a89e7c,Trex.direct,resell,,,80,24,5,"GoDaddy.com, LLC",20/07/2025 15:08,20/07/2027 15:08
0102db31-bc4b-4034-9a5a-decaf0aad6d2,neuroscience.limo,available,19.99,,80,37,12,name.com,,
01032b4d-c174-448e-af72-2c7687157f9f,HarryPotter.health,available,107.98,,72,20,12,namecheap,,
01045408-eda8-426f-96c3-5c887cfcaaae,towels.beer,available,43.98,,68,9,6,namecheap,,
0104735f-dfeb-44ae-8acb-3af60f938065,conflicts.futbol,available,17.99,17.99,66,5,9,namesilo,,
01057b4d-e561-4db4-9686-5437ec9d3eb4,criteria.fast,premium,62.5,,88,10,8,name.com,,
010681f7-9581-43f4-9e64-b6dc06e8706c,desires.link,premium,141.75,189,72,9,7,namecheap,,
0106a09f-56a1-47a8-80e0-073386fadebf,abiders.luxury,available,49.99,,70,2,7,name.com,,
01077c5f-13dd-436d-a3c1-081fe248b756,mealsonwheels.date,available,9.98,,80,5,15,namecheap,,
0107d04d-fe5e-40f9-a932-2eb69c0596c2,dogsledmail.degree,available,14.99,,94,0,12,name.com,,
0107e675-b364-425b-97f0-0440032c7d48,criteria.law,available,119.99,,88,10,8,name.com,,
01085861-0f41-4e06-942c-3b8a5483717a,barbecuesauce.supplies,available,32.48,,76,2,14,namecheap,,
01089591-4d94-4900-a6ad-c36bbc2b1fcd,JollyRoger.condos,available,72.98,,82,10,11,namecheap,,
0108fe75-193f-404c-a809-8be858213947,loops.gifts,available,9.99,,70,19,5,name.com,,
01098c71-ee98-49b9-8a1c-abf578d038ad,pierogi.fyi,available,9.68,,82,7,7,namecheap,,
0109d635-04c6-4aa1-a125-6b8623fe5327,events.talk,premium,625,,68,37,6,name.com,,
010a3fa7-0705-4ec6-9698-b6b4f950187a,weddingcake.gift,available,23.98,,85,5,12,namecheap,,
010d8e0d-2161-4097-b356-a01d7dce52c8,chickensoup.guide,available,10.99,,84,4,12,name.com,,
010dc26a-0c4c-49bc-ad49-e40580a06813,Places.bz,available,26.98,,74,22,6,namecheap,,
010dcb10-2df4-4f60-8cc9-558d3a659b26,abides.observer,available,15.99,,70,4,6,name.com,,
010faf25-2e6a-479c-82dd-dc0be6d51526,dogsleds.tips,available,14.99,,76,1,8,name.com,,
011031c6-b552-4040-979e-17c6cb0064fa,weddingcake.run,available,6.99,,85,5,12,name.com,,
011578c5-7b40-462c-b2d1-1899c2bf93ac,destinies.cafe,available,7.99,,72,4,9,name.com,,
0115ae1c-77b4-49ad-85c3-68867e5c90f7,sharps.holdings,available,64.99,64.99,70,9,6,namesilo,,
011614c5-afd6-46d1-9b3c-483a55389935,dogwalking.solar,available,9.99,,94,8,10,name.com,,
01167545-3792-4429-a973-9fa39984f562,paradoxes.industries,available,17.49,,70,3,9,name.com,,
0116b5ba-5ed9-4550-be72-fd707e12e423,dogwalking.ski,available,39.99,,94,8,10,name.com,,
01173513-b3a1-46b4-b26e-ac6e12182175,JollyRoger.lighting,available,31.98,,82,10,11,namecheap,,
0118519b-7b3f-46b7-8a8f-0294c10f1d98,finalfrontier.hamburg,available,59.99,,76,7,14,name.com,,
01188685-84e7-40d2-ac9a-8bd3dc5b7bde,events.shopping,premium,500,,68,37,6,name.com,,
011a0914-01f9-468b-b50e-33462711e915,satisfies.today,available,2.99,,67,2,9,name.com,,
011a8df2-9613-43f2-b622-157f5549ba8b,paradoxes.camera,available,21.99,,70,3,9,name.com,,
011b116f-b669-4ceb-8c05-1388e72fa887,cucumbers.voto,available,19.99,,74,4,9,name.com,,
011caefd-b77b-42c4-a05b-47b9f9c59a55,Irishhospitality.shop,available,48.98,,78,1,17,namecheap,,
011d38e9-ef82-4139-b013-4c84415839af,mealsonwheels.homes,available,1.99,,80,5,15,name.com,,
011ec6fa-9854-455b-9ed8-2d3505d8d323,dogsick.trade,available,9.98,,90,1,7,namecheap,,
011f85c3-1e08-4432-b112-d4398017d352,family.ryukyu,available,22.98,,92,45,6,namecheap,,
011fa829-e722-4536-ad17-d4621fa2861b,dogsledmail.jewelry,available,19.99,,94,0,12,name.com,,
011fb4d8-74a0-4885-a6d2-fa85eac35ea5,AcademyAwards.management,available,34.98,,68,3,14,namecheap,,
01237f64-b5b8-4c91-898f-fc5a283d5f63,dogsbodies.movie,available,69.99,,76,1,10,name.com,,
0123996a-ae9d-4bb6-8f65-2c13ccd8a060,destinies.construction,available,15.99,,72,4,9,name.com,,
0123cc8e-7815-4d02-bcb3-4f40b220b60d,jetblack.diy,available,39.99,,82,8,9,name.com,,
0125b16b-d4f5-4b8c-8fc0-cdc8e26d74a2,inspiration.lighting,available,14.99,,88,30,11,name.com,,
01292d10-5b53-4b9b-a916-dbc01a2466b4,makeupartist.place,available,25.99,,76,5,13,name.com,,
01293cbe-eae3-4b1d-9cf8-407a6e703837,cuddleup.uno,available,31.98,,89,4,9,namecheap,,
0129760a-4aba-4e0d-a61b-c341b1f1afb0,CoventGarden.best,available,23.08,,72,6,13,namecheap,,
012a308c-c0c4-423f-ba3b-f2c99559fabd,cuddles.market,available,44.49,44.49,71,10,7,namesilo,,
012ca553-2d87-425d-864b-6ae48a86d295,barbecuesauce.pink,available,14.99,,76,2,14,name.com,,
012e0d1b-25bf-4f2e-aa8d-3194d07552ae,satisfies.care,available,29.99,,67,2,9,name.com,,
012e74bd-e813-4c86-9348-e9d0558d7118,favours.protection,available,2950,,66,4,7,namecheap,,
012eac6a-1223-4337-809a-cbdd88c51489,CocaCola.srl,premium,,,92,82,9,,,
012f3e53-0c42-4365-9420-38aae85bb410,abided.education,available,39.99,,70,1,6,name.com,,
01302853-fb31-44e1-a064-c65cb8e89499,teeheehee.cfd,available,1.49,,88,1,11,name.com,,
0130580b-9c78-4ff9-8d9f-15f089479430,CoventGarden.productions,available,50.98,,72,6,13,namecheap,,
0130b517-c36d-4050-994c-b91b08687c17,events.pictures,premium,25,,68,37,6,name.com,,
0131bcde-87a9-418c-aa67-74cb45443cc4,Trex.organic,premium,,,80,24,5,,,
0132556f-f034-4d53-aa20-61555ccc70c7,butterflies.blue,premium,82.5,,90,8,11,name.com,,
0135dfb1-d77a-4e1c-9df8-a9d2208e4108,bonvoyage.wedding,available,43.98,,88,16,10,namecheap,,
0137a71d-fa86-4f18-9ebf-a5630de779b9,sharps.immobilien,available,14.99,,70,9,6,name.com,,
0137fbab-a4da-4e99-bf5b-f67e3fefa027,veggies.dad,available,16.98,,64,7,7,namecheap,,
013891a4-443a-453f-b9d9-0173bde0cecd,dogwoods.inc,premium,2061.5,2660,76,2,8,namesilo,,
013aa1c8-880e-40f7-917e-6f26bb95700e,cucumbers.university,available,19.99,,74,4,9,name.com,,
013b1d97-84fa-4cac-b3b2-67985aa70544,thirdyear.food,available,5.49,39.99,66,1,10,namesilo,,
013b522f-3f05-4394-b70f-6aa79d7133f0,CoventGarden.country,available,2450,,72,6,13,namecheap,,
013e6412-dc7d-421b-b337-978148f281bc,HarryPotter.discount,available,39.98,,72,20,12,namecheap,,
014315bc-64e9-4d23-8a94-55576a86fed1,weddingcake.cab,available,19.99,,85,5,12,name.com,,
0143176d-124b-44be-8b09-52d4b8d0abe8,mealsonwheels.srl,available,49.99,,80,5,15,name.com,,
01469338-a41e-4f0d-a3bc-003a7f695a70,CyberMonday.hospital,available,71.98,,78,10,12,namecheap,,
01497910-d786-4a61-81c7-b6158f5a5868,chickenfriedsteak.skin,available,1.99,,72,1,19,name.com,,
014c495a-89d5-4400-ab0f-753ab090447a,abides.homes,available,1.99,,70,4,6,name.com,,
014dd4aa-7788-44b8-9ace-627a6c5cbf18,favors.democrat,available,9.99,,76,8,6,name.com,,
014e1324-111a-4bc6-8ebb-640e5186cc6a,bonappetit.archi,available,24.99,,86,8,11,name.com,,
014e569f-912a-4d64-b320-ea8adb5ebe0b,nights.yoga,available,45.98,,74,12,6,namecheap,,
014e8ca3-6bbf-4a0e-9ac8-020dc0b7eaf4,finalfrontier.insure,available,9.99,,76,7,14,name.com,,
014fd115-7d8d-4c2c-8720-593bb38e414c,makeupartist.family,available,9.99,,76,5,13,name.com,,
0150e5e2-28fe-453d-9e26-a478d2ad233f,teeheehee.hamburg,available,59.99,,88,1,11,name.com,,
0153720d-e0f2-47bc-b2ca-6514df86ce86,solarenergy.bargains,available,21.99,,88,16,12,name.com,,
0153aa3a-3d88-4240-90e7-3274b89ae728,WonderWoman.gift,available,23.98,,92,10,12,namecheap,,
0154382a-be7f-4134-a869-1217e04534f8,schools.yachts,available,1.99,,72,24,7,name.com,,
01546060-f79f-4e71-bb71-1ad61d3b1120,signs.markets,available,9.99,,64,22,5,name.com,,
01565759-e2da-408d-9864-d89657e1d6e6,CyberMonday.claims,available,82.98,,78,10,12,namecheap,,
01581b7e-de2c-495e-9ed7-050ce2a8414d,dogstooth.archi,available,24.99,,76,1,9,name.com,,
01597079-7006-40ce-97d6-ff50a1b4ab8f,mealsonwheels.healthcare,available,91.99,,80,5,15,name.com,,
0159c1bb-6f91-4a8d-82b5-a74a4461c7a0,chocolates.top,resell,,,70,11,10,烟台帝思普网络科技有限公司,14/09/2025 11:48,14/09/2026 11:48
015a280b-1628-4bf0-a243-6b547823cba1,storytellers.democrat,available,9.99,,66,12,12,name.com,,
015ca380-8624-42eb-be20-3622ab62c897,songbirds.money,available,19.99,,64,6,9,name.com,,
015e4371-b280-4a67-92dc-b39a91b221a8,weddingcake.wedding,available,43.98,,85,5,12,namecheap,,
015f7a4d-de16-4f75-b1f0-93fe7b9fd2a0,fruits.cleaning,available,80.99,,74,17,6,name.com,,
0160c9bb-3f95-4468-ab9e-056afb7c1933,barbecuedpork.broker,available,19.99,,58,0,14,name.com,,
01612d65-56df-4914-bd49-c792eba35629,gems.giving,available,5.99,,70,28,4,name.com,,
0161e8fa-75c3-41f0-8208-4dc5f1d3d34e,WhatsApp.photo,premium,,,90,84,8,,,
0162e7b0-d2c9-4b4c-b155-2420ee3bb142,appreciation.mobile,premium,750,,88,13,12,name.com,,
0164adaf-b440-4543-afca-fdc6defd4142,beaches.salon,available,14.99,,72,14,7,name.com,,
01650116-c7bf-4ec5-bfcd-ba262c9113c3,dogsbark.video,available,14.99,,76,1,9,name.com,,
0167bbda-2e7f-4d7c-8364-0eaab66d638f,matcha.immo,available,14.99,,86,39,6,name.com,,
016a143b-bc53-432b-bc04-483d51e9005b,becalled.computer,available,29.99,,86,2,9,name.com,,
016aa5a2-6cff-45b3-8c45-5625521e7b2a,satisfies.hiphop,available,33.98,,67,2,9,namecheap,,
016ae52f-cee0-4a36-af6c-9e5c74f2fefe,abided.theatre,available,620,,70,1,6,namecheap,,
016c4f8b-f567-46c2-995d-2cf79b153779,MickeyMouse.sexy,available,3298,,86,11,12,namecheap,,
016c6522-0285-41e3-9fb4-dc843bfaafec,AcademyAward.tattoo,available,48.98,,76,1,13,namecheap,,
016d19aa-f102-4ae9-b571-e42fca98ce70,weddingcake.rsvp,available,14.99,,85,5,12,name.com,,
016d52a1-a0b9-4594-98ba-09c6ec8313ae,dogsbodies.shoes,available,39.99,,76,1,10,name.com,,
016e747d-82e9-43c1-9307-36ab0e975712,songbirds.phd,available,26.99,,64,6,9,name.com,,
01726638-2582-4d90-bb62-7f942a4ef131,chaitea.channel,available,16.48,,86,3,8,namecheap,,
0172923d-4b48-4dfe-b51f-65b2edc32361,destinies.beer,available,2.19,32.49,72,4,9,namesilo,,
0172d42f-dcc8-46bb-bce3-016533569bf6,Chanel.you,premium,350,350,80,77,6,namecheap,,
01730dfa-3b73-4341-9ec3-b7283ec45c75,chatbot.paris,available,51.98,,82,36,7,namecheap,,
0174bed0-85f1-4926-bf58-1fa52c98d711,dogsit.voto,available,19.99,,96,2,6,name.com,,
0174e97a-06b3-404f-a9a4-abdc24e83846,HarryPotter.rip,available,32.98,,72,20,12,namecheap,,
017523e2-6a3e-4c57-9b18-ea0180b39e77,chickensalad.rich,available,149.99,,76,3,13,name.com,,
017830f4-c9ea-4499-9f71-f121fcb40745,conflicts.center,available,7.99,,66,5,9,name.com,,
017860a5-815e-41f4-b576-1262f6d87bbb,filets.ltd,available,9.99,,66,2,6,name.com,,
017945ea-36f2-4a7d-8e17-b5c478c56866,chocolates.help,available,1.99,,70,11,10,name.com,,
017ccfbe-7755-48ea-9bbb-8751b2ca16d5,songbirds.catering,available,38.99,38.99,64,6,9,namesilo,,
01817a4b-7aac-45eb-82c8-855e66d28558,designs.buzz,premium,125,,72,21,7,name.com,,
01818028-e26c-45f6-92c9-09d3f87dfdc0,candles.cam,available,22.98,,67,13,7,namecheap,,
01848ebd-daac-4c8e-8ead-4d2d50db3183,appreciation.dealer,premium,2170,2800,88,13,12,namecheap,,
01892389-4872-4208-a15b-9fe84d54b0ed,destination.health,resell,,,90,25,11,"NameCheap, Inc.",12/11/2025 11:57,12/11/2026 11:57
018a00f7-2676-4e2d-ba47-358541be3660,Places.storage,available,858,,74,22,6,namecheap,,
018c0366-6ae1-4daa-92e7-8d9adad5543e,AcademyAward.movie,available,446.98,,76,1,13,namecheap,,
018df3ff-5d86-4052-9631-12975b60235a,candles.racing,available,16.98,,67,13,7,namecheap,,
018ea2eb-1773-487e-b7c5-8eebe54810ca,thirdyear.diy,available,5.49,39.99,66,1,10,namesilo,,
018eb41e-e664-4829-a710-b5a5c2256d6b,cattower.barcelona,available,39.99,,80,2,9,name.com,,
0190d9cc-051f-49c1-ba16-32a99f507df9,weddingcake.chat,available,9.99,,85,5,12,name.com,,
01913189-5ba5-4972-bad9-6f1fdc198d2e,reebok.moi,available,39.99,,89,10,6,name.com,,
0192e509-f104-4999-8a22-809ff70f65e3,designs.vote,available,49.99,,72,21,7,name.com,,
0194fd23-1b4f-4d59-ba94-b6bfd18c6705,appreciation.law,available,119.99,,88,13,12,name.com,,
01952650-f1de-4c5a-a260-e9ff809c74d3,Islands.xxx,available,154.98,,84,22,7,namecheap,,
0195c938-077f-4432-85d6-767520ac5e0d,summertire.barcelona,available,39.99,,80,1,11,name.com,,
0196036c-3c50-4de5-8faf-81dc4a9b7b02,candles.repair,available,9.99,,67,13,7,name.com,,
0196550c-5626-45f0-86ec-4f825e8f36af,AcademyAwards.shiksha,available,69.98,,68,3,14,namecheap,,
01970a89-60a4-43f6-9d5e-41e87d855114,UML.new,available,601.98,,72,10,3,namecheap,,
01987027-0957-476b-aab2-0d2f0373438c,bonappetit.hiphop,available,33.98,,86,8,11,namecheap,,
019a4132-dc15-45a1-b8b2-b63bb816bb7a,divinegrace.plus,available,21.99,,68,3,12,name.com,,
019a8fd4-169d-49bb-ab1f-058de892d1e3,icons.theatre,available,620,,68,19,5,namecheap,,
019c7a49-9aec-431f-be4d-41d0607702b2,dogsleds.holiday,available,9.99,,76,1,8,name.com,,
019d134b-364d-413e-b6ff-f2d788e4441c,MardiGras.ceo,available,124.98,,78,10,10,namecheap,,
019d22ed-624e-4714-84eb-f0a34bed1940,profitability.win,available,9.98,,76,8,13,namecheap,,
019e87cc-5e98-401f-9dd7-edbeb5e9e906,favours.shiksha,available,19.99,,66,4,7,name.com,,
019eb791-7a2a-45b7-9be3-88719ea36a89,HarryPotter.city,available,37.98,,72,20,12,namecheap,,
019f10e1-bcfe-4553-ad98-d60f6049acd5,abiders.foo,available,16.99,,70,2,7,name.com,,
019f3ca8-323d-4ec8-9905-6f7b03ca741a,MardiGras.center,available,42.98,,78,10,10,namecheap,,
01a07037-a73b-4d03-969b-c97063b24edd,Trex.education,available,46.98,,80,24,5,namecheap,,
01a0da41-7fbb-41f5-ba81-ec0e98f43e53,chickenstrips.systems,available,21.99,,74,2,14,name.com,,
01a13f70-f9d9-443c-b1ba-a7d3161db06e,icons.giving,available,5.99,,68,19,5,name.com,,
01a1f9ed-98ce-42a9-bf57-2115c5896be6,becalled.shiksha,available,19.99,,86,2,9,name.com,,
01a21d64-9553-45a1-acf7-8144c770add2,Apples.condos,available,72.98,,90,16,6,namecheap,,
01a4b997-4611-434f-a177-9a8c715da63b,chickensoup.maison,available,19.99,,84,4,12,name.com,,
01a5350a-c82d-463a-95b9-c9e40fe660c9,dogsledmail.guide,available,10.99,,94,0,12,name.com,,
01a63ee4-a03a-4e2b-96a7-7f727bfadce9,recognition.paris,available,51.98,,92,11,11,namecheap,,
01a7c283-7553-47c4-a0ca-aef47e7e0b39,chickpeas.global,available,59.99,,62,3,9,name.com,,
01aa3370-b3ab-4079-af1d-8591dd002e7a,cucumbers.auction,available,4.99,,74,4,9,name.com,,
01ab292b-1325-45b2-84f4-8787a92b0c9d,chickensalad.apartments,available,19.99,,76,3,13,name.com,,
01acd8ce-249a-4c32-b49c-ea80343fedaa,becalled.news,available,17.99,,86,2,9,name.com,,
01ad7ccd-8f40-4e20-8186-8b0e1123aad1,QueenElizabeth.new,available,601.98,,82,4,15,namecheap,,
01ae94e1-9f84-44ea-aa37-dce522eba515,dogsit.gallery,available,36.98,,96,2,6,namecheap,,
01af642e-3595-4ae4-9cb3-d869649ef473,neuroscience.furniture,available,39.99,,80,37,12,name.com,,
01afac49-c7bd-43fd-b1d3-494f53415d4d,superhero.vegas,available,29.99,,84,23,9,name.com,,
01b213c6-90c9-44fa-8026-d8a1f4a9741b,outloud.new,available,549.99,,70,10,8,name.com,,
01b26824-dfcb-49da-9a56-c12bd8b82fc6,dogsick.host,available,47.48,,90,1,7,namecheap,,
01b3f421-8edc-41b0-b710-05d11023e2a5,buttercups.gripe,available,8.98,,68,4,10,namecheap,,
01b53cb3-c58b-4817-9ca0-8ba812635ebe,dogsit.ong,available,16.99,,96,2,6,name.com,,
01b5fbec-e902-4c42-bb70-d29c33a26d72,cucumbers.moi,available,25.99,25.99,74,4,9,namesilo,,
01b72e64-f76e-4c24-96ad-ef1ea507cdc7,weddingcake.ing,available,16.98,,85,5,12,namecheap,,
01ba0554-f9b6-4d8e-b97d-760a363ad3de,inspiration.horse,available,43.98,,88,30,11,namecheap,,
01baef67-e83e-4a82-8baa-df86681ad60e,nights.fast,premium,62.5,,74,12,6,name.com,,
01bc507c-b0f3-41c7-8cf5-d931a5bcbd12,FabFour.coupons,available,3.99,,82,3,8,name.com,,
01bd34c5-6bf5-4b75-aca5-b00b290ff5a0,chickensalad.engineer,available,13.99,,76,3,13,name.com,,
01bebc70-ddf7-4ab2-9c92-9c5093e03523,storytellers.engineering,available,11.99,,66,12,12,name.com,,
01bf4be3-1000-4bf7-a50a-cc646929bd04,AcademyAwards.digital,available,53.98,,68,3,14,namecheap,,
01c184b9-0aae-4d08-8909-669a47599fce,WonderWoman.stream,premium,490,70,92,10,12,namecheap,,
01c346a8-e5b0-4c59-87a1-897ba5e2dd4a,dogsledding.sucks,available,218.99,218.99,76,2,11,namesilo,,
01c82568-c32c-4a5a-b2c1-469abd58edbc,makeupartist.degree,available,14.99,,76,5,13,name.com,,
01c855b6-2e6d-4638-a90e-a59e0c300520,tablets.toys,available,19.99,,68,11,7,name.com,,
01c98b10-9211-4435-b462-c5fd64e49021,chaitea.productions,available,14.99,,86,3,8,name.com,,
01ce5606-16fc-42a5-8de4-40c15d34c57c,chocolates.ac,available,34.99,47.99,70,11,10,namesilo,,
01d019c9-23eb-4c4c-92b2-71a3b526da18,sharps.health,available,19.99,,70,9,6,name.com,,
01d14904-5a1a-4113-96f3-6059ca9eeaa5,gems.photos,available,14.99,,70,28,4,name.com,,
01d1b807-cb6d-49f8-83d4-18f3545dc4d4,becalled.games,available,19.99,,86,2,9,name.com,,
01d1d275-c3cf-4334-b7aa-2e8cec16ee15,Apples.ing,premium,490,490,90,16,6,namecheap,,
01d368cc-32da-431f-94cb-e23821feeb7a,secondyear.autos,available,1.99,,66,1,11,name.com,,
01d5a947-78d2-47ca-8035-90383a0de766,inspiration.college,available,29.99,,88,30,11,name.com,,
01d796b9-f596-4e6d-b7d1-88a79b1f2055,destinations.sucks,available,218.99,218.99,72,14,12,namesilo,,
01d7b3f3-5f66-4ca1-9cc6-299ccd9d7ee3,appreciation.tattoo,available,48.98,,88,13,12,namecheap,,
01da688c-dc63-4b77-a26d-5f06f7137013,Tshirts.care,available,29.99,,70,20,8,name.com,,
01dd2027-b77b-4b56-9084-f9cc087cc215,divinegrace.new,available,549.99,,68,3,12,name.com,,
01ddc1e9-1ddc-4abf-a5ca-4ba09118b9e4,abilities.photography,available,9.99,,74,4,9,name.com,,
01df6ce5-53ea-4635-bf2c-6f2f4ac658a9,chocolates.sale,available,5.99,,70,11,10,name.com,,
01e0e245-b6f3-40ec-b802-36975e540d3a,dogstail.build,available,39.98,,94,1,8,namecheap,,
01e29646-dac4-4235-adf7-bc5d7f4aa753,dogsit.catering,available,46.99,,96,2,6,name.com,,
01e5421d-8c59-4e1f-8635-f983b0d25659,lordoftherings.graphics,available,31.98,,80,5,17,namecheap,,
01e5c0b8-f2ef-43cc-abf2-d6d18d4233b5,secondyear.apartments,available,19.99,,66,1,11,name.com,,
01e8f28a-8d73-4f56-8c8d-b7839182a185,young.shop,premium,6250,,84,32,5,name.com,,
01ec4eca-a7b3-4c4e-84e0-745137f53604,solarenergy.style,available,12.99,,88,16,12,name.com,,
01ef3e6c-1cbb-4a99-9003-db24401be027,bonvoyage.supplies,available,32.48,,88,16,10,namecheap,,
01f21d67-26a7-47b5-aec9-dea2149b6c56,teenyweeny.moi,available,39.99,,78,2,11,name.com,,
01f44255-9c9e-4538-9048-4d6c98b94ab7,Acup.sarl,available,8.98,,80,5,5,namecheap,,
01f4739b-f8f8-488e-82d5-13e8674267ab,abided.gift,available,23.98,,70,1,6,namecheap,,
01f49dc8-300f-486c-9605-587126281c63,FabFour.motorcycles,available,1.99,,82,3,8,name.com,,
01f577b0-bf7e-46b8-a4e0-19f757ef50e4,unicorns.barcelona,available,38.98,,73,21,8,namecheap,,
01f581b4-84b2-4d22-bb82-4ad1841111b1,dogsit.skin,available,1.99,,96,2,6,name.com,,
01f62eac-ecb4-49d2-8498-804a92faa455,thirdyear.archi,available,24.99,,66,1,10,name.com,,
01f65da4-26de-4098-ac25-817005db7135,furnishings.immo,available,14.99,,80,5,11,name.com,,
01f67a54-db4c-4a0a-85c0-f58659938158,filets.feedback,available,15.99,,66,2,6,name.com,,
01f6b146-dfd8-4cf8-8027-a539427bd59d,nights.gifts,available,9.99,,74,12,6,name.com,,
01f7418a-2acd-4621-b9be-99499e58272e,thirdyear.luxe,available,19.49,19.49,66,1,10,namesilo,,
01f78914-7bf0-4fd4-a87b-9536160f3c86,chickenstrips.organic,available,19.99,,74,2,14,name.com,,
01f81dfc-7f54-448c-9149-8f34ba1b7cff,alternativerock.green,available,11.99,,72,1,16,name.com,,
01fd1221-1c17-46d0-b82e-453a45e48046,Places.recipes,available,95.98,,74,22,6,namecheap,,
02011ef5-5726-4c7a-820e-3e35bd434747,Apples.technology,available,37.98,,90,16,6,namecheap,,
020469a9-35f1-4aac-9dc7-d53b593b61fd,secondyear.tv,available,26.99,26.99,66,1,11,namesilo,,
0205611e-f9c5-4436-b214-efe3de60e08b,slicedbread.inc,available,350,,86,4,12,name.com,,
0206b90c-1acc-4c84-a3b9-3430867d4e1a,satisfies.cards,available,3.99,,67,2,9,name.com,,
0207be67-1e54-478f-a204-e4113125accb,favors.builders,available,7.99,,76,8,6,name.com,,
02099984-255f-44a4-a958-9b1080328500,makeupartist.archi,available,24.99,,76,5,13,name.com,,
0209dc3a-bd4a-4e79-9c8b-8b6a6d0c050b,Places.name,available,9.98,,74,22,6,namecheap,,
020a962b-3a6f-4d53-99d6-9be0262359d8,MardiGras.kitchen,available,83.98,,78,10,10,namecheap,,
020c0436-5596-4266-94f2-c7b25121760b,sharps.bz,available,25,,70,9,6,name.com,,
020c6c02-6af2-4c73-9a91-9a5faf151d1d,becalled.accountant,available,23.59,23.59,86,2,9,namesilo,,
020c75e6-816e-4ed3-b7d2-c8a5bd1faf73,teenyweeny.nl,available,11.99,,78,2,11,name.com,,
020c7f94-6b98-406c-be43-c36a537a3696,chickenfriedsteak.law,available,119.99,,72,1,19,name.com,,
020f1ac3-3be6-45ed-94dc-1104abed99a2,letitbe.now,available,49.98,,89,7,9,namecheap,,
020fc51e-fff6-4b18-b2b3-a2f9ee708c0a,finalfrontier.toys,available,19.99,,76,7,14,name.com,,
02104630-8703-4ccb-ade3-8384462efc40,dogstooth.ooo,available,24.99,24.99,76,1,9,namesilo,,
02127318-ef7d-4281-ae8c-533c0d7466fd,appreciation.rehab,available,14.99,,88,13,12,name.com,,
0213cdc5-2ce3-4f64-8137-23223bbf76d8,barbecues.yachts,available,1.99,,66,4,9,name.com,,
0213f0c8-53bf-4e91-b0c1-1492fc7ee9dd,Apples.cleaning,available,94.98,,90,16,6,namecheap,,
02142724-9406-4399-802e-b61efae481e9,JollyRoger.vacations,available,49.98,,82,10,11,namecheap,,
0216b77f-e726-42dd-98d8-043c3df376dc,chaitea.photos,available,14.99,,86,3,8,name.com,,
02175e02-1605-42d7-8e73-235d6f10f616,beaches.direct,available,19.99,,72,14,7,name.com,,
0217fb5b-0f1e-438c-bf83-af132750bec5,secondyear.fit,available,2.99,,66,1,11,name.com,,
021aa44b-d4ca-4a67-ab8d-b0ca705ca858,cuddleup.lol,available,1.99,,89,4,9,name.com,,
021bcf90-1141-45ba-ab28-2a8b2b0034ab,loops.market,available,55.98,,70,19,5,namecheap,,
021c56d4-a6a0-45b6-b634-47c55794c76f,favours.science,premium,625,,66,4,7,name.com,,
021cd937-e71d-45bc-b4c9-fdc6d4ff4214,RomanEmpire.bio,available,84.98,,86,4,12,namecheap,,
021cdefe-21d0-458a-beff-bdb61f02ae74,furnishings.surgery,available,67.49,,80,5,11,name.com,,
021dc30e-050d-422f-bac3-99aece09e5c1,allyoucaneat.paris,available,51.98,,72,10,15,namecheap,,
021e48a7-00ed-4146-b79e-432af732e1a2,letitbe.ag,available,89,,89,7,9,name.com,,
0221c1ba-a293-4583-a484-712a1cc0c145,veggies.best,available,23.08,,64,7,7,namecheap,,
022ad717-6043-4daa-9fcf-1e40815a5d70,chickensalad.rocks,available,12.99,,76,3,13,name.com,,
022b19ab-fdf0-493a-8b76-9c5241d2f024,chickensoup.fish,available,19.99,,84,4,12,name.com,,
022b51be-e16e-4c77-a1be-647249d6cc73,bonvoyage.esq,available,26.99,,88,16,10,name.com,,
022cb7a6-e0e2-4d9f-9a73-9f8a03074c21,dogsbark.travel,available,39.99,,76,1,9,name.com,,
0231390e-0709-4aec-8bfd-09e13feb7427,chocolates.reisen,available,3.99,20.99,70,11,10,namesilo,,
0231a980-06a5-4c9a-b990-58995684db63,songbirds.download,premium,437.5,,64,6,9,name.com,,
0231e876-4c50-40aa-ad1a-1cc93370c3bd,superhero.zip,premium,73.75,,84,23,9,name.com,,
023336d7-ce22-41d3-a194-f5e8b8ea0fce,MerryXmas.vin,available,75.98,,70,4,10,namecheap,,
0234cc62-1486-4a59-9333-6e4f72220785,candles.science,available,16.98,,67,13,7,namecheap,,
0235bb10-8760-479e-9aff-e1a60799389d,chickenstrips.support,available,11.99,,74,2,14,name.com,,
0235dd15-a440-4b79-b2ad-1de6d4acd0cf,jetaircraft.rentals,available,14.99,,62,1,12,name.com,,
023741c9-b9f3-4d2e-a49c-edb973dde433,Trex.build,premium,4200,4200,80,24,5,namecheap,,
0238c207-ba45-462e-818f-177d13a95749,dogsbark.hospital,available,71.98,,76,1,9,namecheap,,
0238f737-fad0-40f4-99e4-cf03afbed305,profitability.bid,available,9.98,,76,8,13,namecheap,,
02391b03-c932-4d29-84a4-bbfd0556a51d,makeupartist.global,available,59.99,,76,5,13,name.com,,
0239a76c-c54c-4f7d-a3b6-be8812496938,buttercups.locker,available,19.99,,68,4,10,name.com,,
0239e807-7301-4a8e-a3d0-517e02a79128,conflicts.equipment,available,19.99,,66,5,9,name.com,,
023a99b1-5ddd-4549-a50a-cf38635665d1,barbecuedpork.fyi,available,9.68,,58,0,14,namecheap,,
023aca4d-6b81-4b39-9da3-e63dc744aa54,songbirds.makeup,available,1.65,15.75,64,6,9,namesilo,,
023b05e4-271c-480c-b238-a3b937fee1cb,hats.auto,available,2950,,65,15,4,namecheap,,
023b08b7-c538-4c4c-b729-c43209143bbc,chickensalad.lgbt,available,19.99,,76,3,13,name.com,,
02411c82-947d-48e7-84b3-3ed12f32b0fa,blueberries.porn,available,154.98,,70,9,11,namecheap,,
024137db-54d3-4f60-8daf-1e3806ef567b,profitability.codes,available,11.99,,76,8,13,name.com,,
02434495-2560-4474-9af0-958687b7ff24,barbecues.review,available,11.99,11.99,66,4,9,namesilo,,
024526c7-e3b3-480a-b441-c7a7c3bcc5ec,destinations.desi,available,22.98,,72,14,12,namecheap,,
024578b6-4179-489d-92b7-2259c0cef75c,candles.best,premium,558.88,558.88,67,13,7,namecheap,,
0248c5df-e7b6-4df9-84a5-897e1a1bdba7,favours.mobile,available,26.98,,66,4,7,namecheap,,
024ab13b-a490-41f1-b633-6ed49a8d9a40,superhero.date,premium,375,,84,23,9,name.com,,
024ac836-ba23-4436-9a1f-2643a3dfc6bc,bonappetit.equipment,available,19.99,,86,8,11,name.com,,
024ae092-4266-47ae-a4b3-c80ed5baa796,blueberries.casa,available,17.98,,70,9,11,namecheap,,
024bde2c-727f-44a3-bdef-53f27ab15777,divinegrace.sex,available,154.98,,68,3,12,namecheap,,
024c39ef-d112-44c2-ac1e-00cf0a859095,inspiration.jewelry,available,19.99,,88,30,11,name.com,,
024d3d2c-2fc0-4a7a-86d8-a348122c9c47,jetaircraft.rip,available,7.99,,62,1,12,name.com,,
024d7fff-9ba2-41ac-a88f-9f8e3a2fb026,FabFour.bingo,available,14.99,,82,3,8,name.com,,
024eafe9-57ff-43db-9bc5-b9efbaa8a0d9,towels.moda,available,19.99,,68,9,6,name.com,,
024ec084-97ae-48dd-b616-2145d479ba92,designers.construction,available,15.99,,72,15,9,name.com,,
025004dd-aa49-4613-b147-86a8df10529c,slicedbread.report,available,14.99,,86,4,12,name.com,,
025184b2-957c-4abe-83dd-1e4fd9575a8f,chaitea.meme,available,15.98,,86,3,8,namecheap,,
02531a58-824e-4de6-b97c-193e18b92a36,cuddleup.doctor,available,14.99,,89,4,9,name.com,,
0255430e-474a-4d93-bdae-bffc093f7500,favors.training,available,21.99,,76,8,6,name.com,,
02559ae9-9119-495c-bfa6-c4a69387b8da,gems.mom,premium,812.5,,70,28,4,name.com,,
02568ea4-663d-4747-b1a2-ef70747b914b,becalled.mom,available,1.99,,86,2,9,name.com,,
0257bf68-b413-4dd0-a386-984ac431f384,OLEDdisplay.care,available,29.99,,62,1,12,name.com,,
025af313-ca3d-436b-917e-ba12188630f6,chaitea.film,available,89.99,,86,3,8,name.com,,
025cdf91-11e1-40ec-b33b-4006c499ffa5,candles.art,premium,341.25,,67,13,7,name.com,,
025dd5d3-dec1-44f7-9061-6ab7c1c7faa3,MickeyMouse.degree,available,66.98,,86,11,12,namecheap,,
025f0525-b673-466a-a26d-e05e430bb07e,alternativerock.company,available,3.99,,72,1,16,name.com,,
0260536a-1bc6-4381-b3ca-af3b894909e9,jetblack.pet,available,19.99,,82,8,9,name.com,,
02623ca6-4492-46a0-b915-f7e0d9cb8b99,teeheehee.delivery,available,8.99,,88,1,11,name.com,,
0263c56d-148c-4924-9614-925afc28dc23,jetaircraft.center,available,7.99,,62,1,12,name.com,,
0264fdd9-4600-4665-a9c4-228953bb62b9,constants.top,available,1.88,4.88,70,4,9,namesilo,,
02660d72-95cd-4b03-8b9d-a155f0e3ac5d,dogsledmail.computer,available,29.99,,94,0,12,name.com,,
0267ade2-2fc6-494c-b900-dfb297501239,chocolates.villas,available,19.99,,70,11,10,name.com,,
0267db57-85ab-4913-8528-9c046ffe9c2c,slicedbread.place,available,25.99,,86,4,12,name.com,,
0267e7aa-34f3-48f1-8638-7cbeafafb74c,barbecuesauce.lighting,available,14.99,,76,2,14,name.com,,
02681e08-e00c-4ab7-84bd-2ea58121d51b,jetaircraft.global,available,59.99,,62,1,12,name.com,,
02686a88-99eb-4407-94d2-4e89b02d73a0,fruits.support,available,11.99,,74,17,6,name.com,,
0268ba93-7b23-4e7b-ae19-78113f40fa93,WonderWoman.reise,available,127.98,,92,10,12,namecheap,,
0268f17e-4d9e-42d3-934a-39c2b23a9c7b,designs.partners,available,13.99,,72,21,7,name.com,,
02698591-36e2-4998-ad7b-b054b20a9ac8,secondyear.pink,available,14.99,,66,1,11,name.com,,
026bc223-0232-405b-b4c0-53da1a7f031b,songbirds.holiday,available,9.99,,64,6,9,name.com,,
026db319-490e-4e56-a362-6609d8d2290f,butterflies.food,available,39.99,,90,8,11,name.com,,
026dcbe1-d968-4ddd-a2b8-6e2c0bcf1d78,CyberMonday.salon,available,69.98,,78,10,12,namecheap,,
026e1190-03c6-4c86-9b3c-37f0a5672947,appreciation.group,resell,,,88,13,12,Alibaba Cloud Computing Ltd. d/b/a HiChina (www.net.cn),06/03/2026 22:12,06/03/2027 22:12
026ec037-a94c-424c-8eb9-f441599764b0,chocolates.services,available,15.99,,70,11,10,name.com,,
026f76fc-002c-49d6-aa22-40c57db77844,butterflies.lifestyle,available,39.99,,90,8,11,name.com,,
026fcb19-6efe-4fdb-845a-f6fc0831d89f,Acup.fitness,available,54.98,,80,5,5,namecheap,,
0271bd2a-8d56-4795-8988-19fff714a98b,abided.country,available,2450,,70,1,6,namecheap,,
0271ec11-c6e4-4a3f-bbb9-be6d888a99f7,Snickers.ing,available,16.98,,80,10,8,namecheap,,
0273b81c-6524-4280-837b-a5e8167a5b5d,AcademyAwards.love,available,38.98,,68,3,14,namecheap,,
02744ac4-bc23-4c33-a81a-ea6a13fc6f82,satisfies.phd,available,26.99,,67,2,9,name.com,,
0278c276-5353-4227-8483-ab4ababd9251,dogsbodies.hair,available,1.65,15.75,76,1,10,namesilo,,
0279f9a4-541f-400f-a22e-e58cbfb9c2ea,CoventGarden.uno,available,31.98,,72,6,13,namecheap,,
027a690e-31ba-4a79-83a6-35e30ed70b1b,lordoftherings.reise,available,99.99,,80,5,17,name.com,,
027a86af-f484-46e5-8ca9-8a5fa73332d5,teenyweeny.rich,available,149.99,,78,2,11,name.com,,
027b9766-54a9-4dd5-95d9-8c71a4c7fe95,paradoxes.storage,available,509.99,529.99,70,3,9,namesilo,,
027c77c3-3c81-4b80-9fc4-766010cd0b36,conflicts.red,available,14.99,,66,5,9,name.com,,
027ca6f7-5e6e-48c8-bf62-1198fb49f4c2,MerryXmas.coach,available,95.98,,70,4,10,namecheap,,
027cb702-8720-48e8-9010-38a0929f2fc3,alternativerock.furniture,available,39.99,,72,1,16,name.com,,
027cc59d-31f7-442d-8826-af59bb5e7d9e,signs.sucks,premium,2938.6,2938.6,64,22,5,namecheap,,
027d7468-68ae-44fe-accf-58928c14bec6,favours.giving,available,5.99,,66,4,7,name.com,,
027ff551-0cfc-482c-a97a-cee92ed3e536,towels.car,available,2400,,68,9,6,namecheap,,
0282949a-8235-47c2-8357-f2e47aa49349,abiders.onl,available,4.99,,70,2,7,name.com,,
028470bb-ae53-4c2e-9f22-370e46c7309a,matcha.dentist,available,76.99,,86,39,6,name.com,,
0288cdf5-5462-4e0a-b30a-e5328c109c43,divinegrace.property,available,161.98,,68,3,12,namecheap,,
0288f20c-e25f-457a-9544-0322e37e6fde,HarryPotter.training,available,53.98,,72,20,12,namecheap,,
02897b64-97fd-4086-8aad-85759693d0be,desires.life,resell,,,72,9,7,"GMO Internet Group, Inc. d/b/a Onamae.com",10/09/2025 21:10,10/09/2026 21:10
0289949e-0323-4fd8-aa04-8c50fe182046,paradoxes.lgbt,available,19.99,,70,3,9,name.com,,
028c266a-b218-46b1-b72a-a550c7dec4f2,loops.motorcycles,available,1.99,,70,19,5,name.com,,
028d71fa-fea6-4e34-8355-5813ab03ef27,OLEDdisplay.day,available,16.98,,62,1,12,namecheap,,
028e6d87-b241-4d6c-af5c-0f4391ed25a5,AcademyAwards.car,available,2400,,68,3,14,namecheap,,
028fcc43-a099-4a22-bf74-b5bd318d69db,inspiration.phd,premium,411.25,,88,30,11,name.com,,
0291f046-7e37-4f9a-be26-2c992cd40533,finalfrontier.dance,available,17.99,,76,7,14,name.com,,
0292ca0a-e274-40be-b883-7418ca6fe246,slicedbread.immobilien,available,14.99,,86,4,12,name.com,,
0294b93b-0122-4360-90a8-fed344dc6225,dogstooth.theater,available,19.99,,76,1,9,name.com,,
02964b1b-11ac-4347-8804-510908763d74,becalled.vana,available,2498,,86,2,9,namecheap,,
0296c124-ffb3-48bd-8d3d-4d19c2f4f921,abilities.boo,available,14.99,,74,4,9,name.com,,
029c27f7-f6d3-4d77-8ece-716eef78a528,barbecuesauce.osaka,available,39.99,,76,2,14,name.com,,
029d76d6-5ab5-4063-977f-eb703c042207,hats.schule,available,19.99,,65,15,4,name.com,,
029f3197-7306-4192-9a5d-11f5ac783b9a,thirdyear.rocks,available,12.99,,66,1,10,name.com,,
02a04953-b462-45d8-95e5-2335a82d94c5,dogstail.boats,available,1.99,,94,1,8,name.com,,
02a17641-d06c-43f2-bcbc-01ef58730719,cuddleup.hospital,available,71.98,,89,4,9,namecheap,,
02a1f268-e807-4182-956e-9632ae402819,songbirds.wiki,available,2.99,,64,6,9,name.com,,
02a4c00d-f43a-4fad-a8e8-c82731f043c7,veggies.talk,available,46.98,,64,7,7,namecheap,,
02a4c0b9-cecf-44cc-8a07-dbccd45f4426,alternativerock.onl,available,4.99,,72,1,16,name.com,,
02a6b5a7-a727-4def-9256-5fe39b851f99,teeheehee.camp,available,11.99,,88,1,11,name.com,,
02a78d99-8855-4182-9c28-cd6cfafcb69f,lordoftherings.gift,available,23.98,,80,5,17,namecheap,,
02a8b7d6-d80b-43ac-96ba-89ec8114e8f9,abiders.diet,available,159.98,,70,2,7,namecheap,,
02a8f95e-c3d8-4edb-8cee-83346625e5f7,letitbe.press,available,43.48,,89,7,9,namecheap,,
02a99e61-be36-4066-b74b-2bf38ee14f16,destinies.ski,available,39.99,,72,4,9,name.com,,
02a9fc74-a414-48e0-aa7d-f870b3e41a5d,bonvoyage.cars,available,2950,,88,16,10,namecheap,,
02aa2206-dd44-4b62-950b-f7d6fd028bed,Acup.golf,available,83.98,,80,5,5,namecheap,,
02aa698f-fe1d-4b75-9157-68679d74898c,chickensoup.ventures,available,19.99,,84,4,12,name.com,,
02ac0549-adbe-4655-ad09-472e43a66898,unicorns.new,available,549.99,,73,21,8,name.com,,
02ad2327-20d4-4651-ae12-7861e4c3756a,conflicts.gay,available,38.99,38.99,66,5,9,namesilo,,
02ad3d33-edb0-4dce-b913-d14991498d55,profitability.foo,available,16.99,,76,8,13,name.com,,
02ad528e-0104-4072-a95b-e9d211f29f4c,Acup.institute,available,37.98,,80,5,5,namecheap,,
02ad83bd-76ce-459a-9dda-a05963500b33,butterflies.training,available,21.99,,90,8,11,name.com,,
02adefe4-0aa7-4c0c-a5ad-5fe58039a9b9,OLEDdisplay.schule,available,19.99,,62,1,12,name.com,,
02ae6f2b-f638-43f4-b166-46e421913496,dogwalking.vet,available,50.99,,94,8,10,name.com,,
02aee44b-a753-4fd6-a3e7-b7774b8dd695,buttercups.loans,available,19.99,,68,4,10,name.com,,
02b0ee30-e0c8-4844-9aa6-b5264f2c3ece,fruits.video,available,14.99,,74,17,6,name.com,,
02b15426-e713-435d-8d87-9a6a722c8b98,Tshirts.games,available,19.99,,70,20,8,name.com,,
02b1c7c2-7e4c-4107-b6d0-46f3e14574c8,dogsledmail.cv,available,14.98,,94,0,12,namecheap,,
02b4cd30-f2c1-4258-8a94-dc8cc71eaa52,dogsbark.parts,available,15.99,,76,1,9,name.com,,
02b7fa57-4dc2-4161-9f55-336763fb5eee,makeupartist.style,available,12.99,,76,5,13,name.com,,
02b7fced-1f4b-484d-a823-ab4fb3b8316d,criteria.delivery,available,8.99,,88,10,8,name.com,,
02ba1cbe-ece6-4261-bfaf-993a4082a376,MickeyMouse.webcam,premium,490,70,86,11,12,namecheap,,
02bb1159-666a-4fde-b1dc-da768609821b,dogsit.melbourne,available,53.98,,96,2,6,namecheap,,
02bc3e60-7a90-4f24-a06b-26b1ab6e9c66,dogsick.pw,available,20.48,,90,1,7,namecheap,,
02c2188a-9930-401e-9dbb-37623fc1d8ea,tablets.dealer,premium,2170,2800,68,11,7,namecheap,,
02c534d4-98ad-4340-8f50-ee9d1aae6654,bonappetit.coffee,available,23.99,,86,8,11,name.com,,
02c571c8-7c11-4e2e-ac37-9d230becdf0c,outloud.desi,available,22.98,,70,10,8,namecheap,,
02c5cbc1-104f-4b8f-b28d-8add0eee6ce1,dogstail.cafe,available,7.99,,94,1,8,name.com,,
02c72e9c-5c60-4cdd-aec3-c5f785c904ea,solarenergy.forsale,premium,123.75,,88,16,12,name.com,,
02c7a7ee-40fd-4b7d-afb5-c472c9391ba5,AcademyAwards.observer,available,16.98,,68,3,14,namecheap,,
02c8908a-45ec-40ab-a678-c38cf0016150,FabFour.science,available,11.99,11.99,82,3,8,namesilo,,
02ca8631-8efa-4c85-83f5-a8c955a634b6,events.vet,available,50.99,,68,37,6,name.com,,
02cbfcf5-833d-4be0-a77e-66f798c545bf,schools.giving,available,5.99,,72,24,7,name.com,,
02ce376f-98b7-4369-907f-db2e5738976a,favors.academy,available,21.99,,76,8,6,name.com,,
02cede4d-f4c5-4e4b-b8ce-be3b9afe98bc,jetaircraft.tel,available,10.99,,62,1,12,name.com,,
02d1228b-1c26-4341-9ff1-55ab012b45fa,HarryPotter.now,available,49.98,,72,20,12,namecheap,,
02d186ad-afb6-4076-a650-ab7ddd5d88ca,sharps.directory,available,7.99,,70,9,6,name.com,,
02d19f87-fa41-4431-ae63-c7066dd72308,paradoxes.agency,available,7.99,,70,3,9,name.com,,
02d1e193-587d-4c1b-a161-8c1be947975d,matcha.realty,available,179.99,,86,39,6,name.com,,
02d22fde-bb75-4d1c-ae1f-4c682533ed0f,dogstail.photography,available,9.99,,94,1,8,name.com,,
02d25577-153c-47a3-b8e3-076a4365d828,dogstooth.dog,available,5.99,,76,1,9,name.com,,
02d28983-7746-4141-bd3c-a98c97d26215,chocolates.fitness,available,9.99,,70,11,10,name.com,,
02d2a497-e649-4380-b217-a8cc701cc909,empowering.hamburg,available,59.99,,82,15,10,name.com,,
02d4789b-72a5-417c-8081-66c6641642e8,destinies.wiki,available,2.99,,72,4,9,name.com,,
02d59aed-aa15-4d1f-b45d-53a72f190502,divinegrace.style,available,12.99,,68,3,12,name.com,,
02d7cca5-fd7b-4b49-a4fb-7cb9bf334514,lordoftherings.dealer,available,350,,80,5,17,name.com,,
02d83abf-443a-433e-80b3-e328d98da513,cuddles.fail,available,14.99,,71,10,7,name.com,,
02d8d5d9-f405-4b9d-acf4-d4d1920f7acf,thirdyear.solar,available,9.99,,66,1,10,name.com,,
02dc3a50-2bd0-4e67-b3c5-c329df2a41f6,satisfies.company,available,3.99,,67,2,9,name.com,,
02de7d84-893a-48f5-88bc-2663817f980f,cuddleup.bz,available,25,,89,4,9,name.com,,
02dea85b-4e98-490c-a804-22d723d8834b,dogstail.loan,available,9.98,,94,1,8,namecheap,,
02df1038-71bb-4f20-b781-10f0a65ffe92,AcademyAwards.moe,available,17.88,,68,3,14,namecheap,,
02e0328d-4bd8-4c59-bc3d-1e2f64292d1b,chickenfriedsteak.agency,available,7.99,,72,1,19,name.com,,
02e056f0-9948-45f5-a7b9-92e139c7a161,paradoxes.gift,available,14.99,14.99,70,3,9,namesilo,,
02e1842b-4623-43bd-a0cf-3ac049db2429,dogsit.boutique,available,6.99,,96,2,6,name.com,,
02e3d7dd-e517-4df1-b1ea-fb3e1e318c6b,movement.me,resell,,,92,32,8,Dynadot Inc,22/02/2024 15:15,22/02/2027 15:15
02e423b5-0009-4fcf-93af-57164846905b,constants.luxe,available,19.49,19.49,70,4,9,namesilo,,
02e5cf8d-b415-4427-b3e1-7c2eee225b61,fruits.esq,premium,198.75,,74,17,6,name.com,,
02e5d811-d639-4ab6-a609-afdc763543d1,chickenstrips.blackfriday,available,134.98,,74,2,14,namecheap,,
02e6509f-6d6c-434c-a25c-15d1647e26ff,solarenergy.download,available,9.98,,88,16,12,namecheap,,
02eb8387-5ae5-4990-a654-b5512abf7abf,songbirds.hosting,available,309.99,329.99,64,6,9,namesilo,,
02ecb06b-82df-4682-8897-5662286a665f,abides.marketing,available,9.99,,70,4,6,name.com,,
02ef4cdc-57e8-439a-8753-95333c3ce27d,AcademyAwards.restaurant,available,81.98,,68,3,14,namecheap,,
02f03bb3-dbbd-4810-9442-f5fcbd1910e0,destination.gifts,available,9.99,,90,25,11,name.com,,
02f0c642-4a82-445f-8e41-4775679f3543,storytellers.study,premium,53.92,53.92,66,12,12,namesilo,,
02f0f525-e287-437e-8731-81a92b5c2efe,FabFour.movie,available,69.99,,82,3,8,name.com,,
02f262b9-42c8-4119-b441-6f463ffebfd1,recognition.eco,available,64.99,,92,11,11,name.com,,
02f267e2-de38-47fb-9a92-7ebb6d46013e,filets.futbol,available,17.99,17.99,66,2,6,namesilo,,
02f31596-df22-44ae-9742-dd345427b3b5,jetblack.group,available,10.99,,82,8,9,name.com,,
02f3c166-e4ac-4640-acd0-abb796b961b8,Trex.catering,available,48.98,,80,24,5,namecheap,,
02f88b4f-88c1-4f08-9764-8dfff18f4a21,pierogi.group,available,10.99,,82,7,7,name.com,,
02f9bad8-528f-4d57-8e88-64a34c303768,teeheehee.codes,available,11.99,,88,1,11,name.com,,
02fa3515-13bf-4b49-b1b6-50560f2d60f0,fruits.cv,premium,1410.5,10.5,74,17,6,namecheap,,
02fcb21e-751e-45d4-b21d-d06246d0c807,inspiration.management,available,14.99,,88,30,11,name.com,,
02fcb564-05fe-428e-abdc-c35a0da0cbb2,MickeyMouse.hiv,premium,,,86,11,12,,,
02fd1f44-e7a5-436d-8dc3-5a0651516fa8,jetace.trading,available,19.99,,62,1,7,name.com,,
02ff6d71-2f90-4885-b400-3e66b3a9c1fc,Tshirts.email,available,9.99,,70,20,8,name.com,,
02fff284-eb63-45de-a21b-8e6841b1f470,events.free,premium,625,,68,37,6,name.com,,
0301b1bb-b186-430e-b3e3-1eaf293bd64d,destination.holdings,available,80.99,,90,25,11,name.com,,
03035021-a48e-4c11-95c6-d1572c8dc31e,secondyear.surgery,available,54.99,54.99,66,1,11,namesilo,,
0303c5f7-1272-43de-abf6-6f612aa1c78b,events.locker,premium,625,,68,37,6,name.com,,
0304b22b-05f7-4930-9931-3a14a53d38a1,cuddles.lifestyle,available,5.49,39.99,71,10,7,namesilo,,
0304eff2-af69-4c8f-8cf2-59b6a0c2b9c3,dogsleds.nl,available,6.98,7.99,76,1,8,namesilo,,
0305a067-23ad-4337-bfb2-c95b2c0acbef,MerryXmas.cruises,available,68.98,,70,4,10,namecheap,,
0305e740-0ce0-40dd-9f61-48e4d9cf65e3,cucumbers.construction,available,15.99,,74,4,9,name.com,,
030741b2-aa2d-4ae8-95d5-09be269dcdac,chocolates.dealer,premium,2170,2800,70,11,10,namecheap,,
0308323e-bdc8-45a2-846e-fea2f5c48b7f,time.place,resell,,,92,45,4,Porkbun LLC,01/06/2020 18:07,01/06/2026 18:07
03085605-e114-432b-b416-b5260cd282cb,barbecuedpork.website,available,4.99,,58,0,14,name.com,,
03085d35-6246-4d04-9830-e7f510047040,wig.mobile,premium,1250,,76,16,3,name.com,,
0309079e-f047-4dc8-ac98-f7465f7f6dea,MerryXmas.institute,available,37.98,,70,4,10,namecheap,,
030a0302-064f-42e3-b5fb-4b316ca843ac,slicedbread.homes,available,1.99,,86,4,12,name.com,,
030a3379-5562-483a-af65-91f0b36b56f8,FabFour.prof,available,26.99,,82,3,8,name.com,,
030ac548-d341-4fb4-a0a7-dd8769514d72,CyberMonday.mobile,premium,840,840,78,10,12,namecheap,,
030d26ad-747d-4a55-97ef-db99554abeb0,unicorns.protection,available,2950,,73,21,8,namecheap,,
030de955-2ec5-41a1-99b4-194be17c4212,filets.motorcycles,available,1.99,,66,2,6,name.com,,
030eb2aa-171d-4d85-a49e-6d29e1a288d6,destinations.engineering,available,11.99,,72,14,12,name.com,,
030f572a-88a6-4698-ab24-235d4ee0a65e,furnishings.media,available,7.99,,80,5,11,name.com,,
031084fc-d4d9-4818-8668-61e4e612d22b,dogwalking.plus,available,21.99,,94,8,10,name.com,,
03118220-cacf-4875-878c-51b3d07c865e,solarpower.organic,available,19.99,,84,15,11,name.com,,
0311b813-e04a-4805-b76b-b85a686b257c,CocaCola.ltda,premium,,,92,82,9,,,
031292c1-41f1-4830-a7ec-642a7af9a116,solarenergy.trading,available,19.99,,88,16,12,name.com,,
031353ce-fe97-4ae4-a0b5-2387c8054cd1,nights.golf,available,7.99,,74,12,6,name.com,,
0315211e-5e24-4e66-9224-86daa5b22771,AcademyAwards.immo,available,43.98,,68,3,14,namecheap,,
0316ab0a-780a-478b-91f6-109b8acdcacd,chickensoup.navy,available,42.99,,84,4,12,name.com,,
03173c5a-4583-4013-b190-3a5c9d26fcb5,fruits.markets,available,9.99,,74,17,6,name.com,,
0317a305-c307-4398-855f-aa158a8e038c,abilities.gripe,available,8.98,,74,4,9,namecheap,,
0319b745-038f-4c83-8252-3dfaa0441b4e,paradoxes.red,available,14.99,,70,3,9,name.com,,
031b6f82-bc80-4a65-a783-2c0548790aa0,constants.company,available,3.99,,70,4,9,name.com,,
031c31af-3d9a-474e-af62-4ee52d92484d,teeheehee.taxi,available,10.99,,88,1,11,name.com,,
031e1179-38f3-4c26-878a-60c8164299b3,dogsbark.report,available,14.99,,76,1,9,name.com,,
031f5c55-4613-46a8-9957-1d1b2ea624f6,WonderWoman.builders,available,43.98,,92,10,12,namecheap,,
031faf8a-3ad4-4516-9852-024e1bc1829b,dogsledding.equipment,available,19.99,,76,2,11,name.com,,
03225fc7-7588-4236-b3f0-4e098bdb4888,gems.study,premium,53.92,53.92,70,28,4,namesilo,,
0323fdd9-1d48-441d-8bbd-aeac2c74cbb1,matcha.country,available,2450,,86,39,6,namecheap,,
032597cf-ca33-4443-bef0-f6224e1a85a8,mealsonwheels.social,available,11.99,,80,5,15,name.com,,
03261ede-a5d5-468f-b908-394206ba8983,deeplearning.dating,available,23.99,,74,23,13,name.com,,
03263ed3-a82d-41f4-9f34-f5e5381c4283,candles.care,available,29.99,,67,13,7,name.com,,
032752f5-daa1-4e77-ad8e-b11abe288d4b,songbirds.guitars,available,104.99,114.99,64,6,9,namesilo,,
032a9907-022b-405a-b253-eb9e8af0312d,dogwalking.boo,available,14.99,,94,8,10,name.com,,
032ad229-d214-4844-b91c-4f3ada248a7c,teenyweeny.men,available,9.48,,78,2,11,namecheap,,
032b04ff-525d-4231-bc3a-b29a816c362a,dogsledmail.menu,available,38.98,,94,0,12,namecheap,,
032d3e53-9fe1-4f54-89d5-5b8167144323,dogwoods.review,available,11.99,11.99,76,2,8,namesilo,,
032de4f0-0356-468d-a456-b23aa995be41,abides.fund,available,15.99,,70,4,6,name.com,,
032eb386-c6c2-4881-bd9f-42fef91c1834,profitability.fund,available,15.99,,76,8,13,name.com,,
033291fb-75f5-4895-9e87-487211e953b6,dogwalking.blog,premium,70.7,280,94,8,10,namecheap,,
0332a029-95d9-425f-a93e-72f78115b5bd,solarpower.run,available,6.99,,84,15,11,name.com,,
03331ea7-b6c2-45ff-ac49-50d26d285dee,barbecuedpork.boston,available,30.98,,58,0,14,namecheap,,
03345972-5561-493a-b5f0-de0cf1546611,filets.design,available,19.99,,66,2,6,name.com,,
0336fcd1-9f8c-4b87-95e1-df10a136378f,alternativerock.gifts,available,9.99,,72,1,16,name.com,,
03375876-6223-4efb-a3e3-542f0d4f395a,thirdyear.dating,available,23.99,,66,1,10,name.com,,
03399cc3-b11e-4676-99b6-82ae0be321e4,schools.cx,available,26.98,,72,24,7,namecheap,,
033a9a8c-77f6-46b4-8140-4f4456246e69,oilpainting.new,available,549.99,,78,6,12,name.com,,
033c4f1d-7b2e-453a-88be-6ac209b64a73,veggies.quest,available,1.99,,64,7,7,name.com,,
033cefa0-e092-493c-803d-ba95cdfd683a,abiders.ventures,available,19.99,,70,2,7,name.com,,
033fee63-9423-452d-b362-b8edb09631d3,songbirds.villas,available,19.99,,64,6,9,name.com,,
0340447c-ea35-454c-918b-42fe2804a042,dogsledmail.club,available,6.99,,94,0,12,name.com,,
034049bf-8976-4a82-a32d-79d1e81aefce,abides.domains,available,19.99,,70,4,6,name.com,,
0340ea88-43a6-477c-885f-8d7fb5a5130d,Places.cx,available,26.98,,74,22,6,namecheap,,
034101eb-4ab1-4612-a3a6-f9cb5ffaddda,paradoxes.monster,available,1.99,,70,3,9,name.com,,
034115cf-f838-4f95-a0ff-4c56c46943db,destination.church,resell,,,90,25,11,"Sav.com, LLC - 16",05/08/2025 15:15,05/08/2026 15:15
03419b1a-30ee-4165-a15e-3cb933cc763c,cucumbers.hiv,available,184.99,,74,4,9,name.com,,
0342d1d2-056c-4927-9559-ae9b9805cab8,weddingcake.homes,available,1.99,,85,5,12,name.com,,
03452a2c-dc86-4dba-90b4-9a04938404b1,JollyRoger.travel,available,186.98,,82,10,11,namecheap,,
034598ad-495a-4291-a9fa-b1f4d0998c19,hats.my,premium,242.78,,65,15,4,name.com,,
03478cc0-b8f2-4dbe-a2d3-1852adb5a2de,abilities.marketing,available,9.99,,74,4,9,name.com,,
0347e945-a4fe-465d-88d3-882cdd48c449,slicedbread.contact,available,16.78,,86,4,12,namecheap,,
0348f4c8-1fe2-48e1-81ab-02809fc62d1c,abilities.shopping,available,14.99,,74,4,9,name.com,,
034a0c1a-e89c-4245-8629-9e6386dcada4,nights.immobilien,available,14.99,,74,12,6,name.com,,
034b0200-598c-445b-ab3f-31afaf0556ba,dogsledding.trading,available,19.99,,76,2,11,name.com,,
034f6b95-5b43-47aa-bfea-06c3ce71ba40,veggies.im,available,12.98,,64,7,7,namecheap,,
03545ebf-cf3f-43b0-8c9f-6ec50751a181,conflicts.voting,available,1448,,66,5,9,namecheap,,
0358df06-28b6-4db1-843b-10302abe4a78,schools.sucks,available,298,,72,24,7,namecheap,,
03599953-ea85-45a4-bfed-97b04478fad4,solarenergy.clinic,available,19.99,,88,16,12,name.com,,
035a2b12-c0d8-46a2-aae1-352735e921ec,dogsledmail.makeup,available,1.99,,94,0,12,name.com,,
035c44b3-c463-43b2-a04a-1c7e1332e60c,favors.rsvp,available,14.99,,76,8,6,name.com,,
035c468c-830a-4de2-9278-5e07c90656d8,destinies.properties,available,10.99,,72,4,9,name.com,,
03606486-7537-4882-b4de-ac453a0b1c73,designs.doctor,available,14.99,,72,21,7,name.com,,
03623525-ce2d-43a1-86f1-40d90052ccd9,FabFour.earth,available,18.99,18.99,82,3,8,namesilo,,
036339a9-49b3-49d8-88af-236d11a6dece,slicedbread.vet,available,50.99,,86,4,12,name.com,,
0363fd6c-2b3b-4232-9d44-e31ca4cbaf2d,constants.camp,available,11.99,,70,4,9,name.com,,
0363ff3a-9ebc-4e36-b691-4507bb6bd09a,events.properties,premium,250,,68,37,6,name.com,,
0365f09d-cf0f-4096-9583-13e52e1d3653,solarpower.ventures,available,19.99,,84,15,11,name.com,,
03670821-258c-4540-be96-71b29a880e30,dogstooth.mobile,available,26.98,,76,1,9,namecheap,,
03676b8e-c0c0-428b-b199-02ec23aa38a1,fruits.hosting,available,398,,74,17,6,namecheap,,
036797fa-8e59-4d87-8833-3779d641d5f0,blueberries.land,available,19.99,,70,9,11,name.com,,
03695456-3f3f-4fc6-b8f6-aefe0d80e014,gems.tickets,available,359.99,389.99,70,28,4,namesilo,,
036bbd42-b921-4269-a847-a8a6b5da6861,barbecuedpork.diamonds,available,72.98,,58,0,14,namecheap,,
036cc378-2d12-4f92-87b9-0d13869c6354,blueberries.co,resell,,,70,9,11,"Network Solutions, LLC",08/08/2021 17:00,08/08/2027 23:59
036d6ecd-43e0-4213-9e7f-8374e3d9b0d0,chickensoup.family,available,9.99,,84,4,12,name.com,,
036f41bd-d093-4db5-926b-522954c5d03b,chickensalad.diy,available,39.99,,76,3,13,name.com,,
036f752b-6bc7-466d-8393-fb85ca1b1c6e,chickensalad.guru,available,3.99,,76,3,13,name.com,,
0370a1ee-5b58-4525-b16b-23aaef9af8d9,secondyear.memorial,available,52.99,52.99,66,1,11,namesilo,,
0371406a-5c32-4201-b627-405073e94124,abiders.reviews,available,7.99,,70,2,7,name.com,,
03716dc4-b1d7-42e0-baad-6341c14eff30,dogstail.place,available,25.99,,94,1,8,name.com,,
0371afa2-1d38-4ae7-8265-97a1f8d14070,beaches.dating,available,23.99,,72,14,7,name.com,,
0371f98d-028a-4c9d-8548-66e85c95dc9e,beaches.studio,available,21.99,,72,14,7,name.com,,
03729788-60c9-4067-8c5f-9087e1f7c380,songbirds.builders,available,7.99,,64,6,9,name.com,,
0374622e-fd15-4440-945c-a1ae2d18090f,deeplearning.rsvp,available,14.99,,74,23,13,name.com,,
0376208d-e998-4973-b0dd-4cc8ea49c16b,chocolates.paris,available,51.98,,70,11,10,namecheap,,
0378a071-0745-483c-979b-cc0c20925b89,makeupartist.tools,available,17.99,,76,5,13,name.com,,
037a92ec-bf05-429b-b75b-04ee55d97d2c,dogsbodies.gifts,available,9.99,,76,1,10,name.com,,
037c40db-2be1-418d-8a25-4df29920b78a,AcademyAward.date,available,9.98,,76,1,13,namecheap,,
037ce199-a6f9-4bd4-83af-1e01dd112352,Sundayroast.moi,premium,,,84,4,12,,,
03807753-b771-4c08-9d89-148103ec9257,filets.forsale,available,19.99,,66,2,6,name.com,,
03808680-0a10-4f8f-9a44-6028c6f9bf61,designers.report,premium,23.6,23.6,72,15,9,namesilo,,
0380c201-1993-4aa7-b5b4-d021346a3c8f,barbecuesauce.porn,available,154.98,,76,2,14,namecheap,,
038703a7-3774-449c-9118-89272ed8f096,abilities.hiv,available,184.99,,74,4,9,name.com,,
03899f33-ed9d-47e0-990c-1136d46bc0d5,chickenstrips.plumbing,available,14.99,,74,2,14,name.com,,
038ca0ef-4da3-4945-916d-4e9a3b4b5234,teenyweeny.loans,available,19.99,,78,2,11,name.com,,
038cb5ea-e6fe-4cb3-889b-9fa8a57f58af,blueberries.domains,available,19.99,,70,9,11,name.com,,
038d1d7f-70d0-4ca1-8326-d698204ccc09,MardiGras.supplies,available,32.48,,78,10,10,namecheap,,
03919884-9c7f-4aa9-90c6-b0069c6a8048,teenyweeny.tv,available,40.98,,78,2,11,namecheap,,
0395879e-2f9d-4077-a84f-20e90e3b4da8,abiders.tires,available,14.99,,70,2,7,name.com,,
0396fc82-dd61-462e-9807-c558d14d420b,JollyRoger.best,available,23.08,,82,10,11,namecheap,,
0398a4ae-ee83-4585-acc5-3ee73159031c,dogsbodies.builders,available,7.99,,76,1,10,name.com,,
039a1424-5f8f-48a0-b6ed-86c3454475df,profitability.express,available,16.99,,76,8,13,name.com,,
039a7458-19dc-472e-9cb7-134646637ed0,Places.rest,available,41.98,,74,22,6,namecheap,,
039c3479-7a95-46d6-8b2f-0eaaa97e491a,designs.credit,available,11.99,,72,21,7,name.com,,
039c840a-391f-4a4d-841e-54b8abf3753a,finalfrontier.website,available,4.99,,76,7,14,name.com,,
039dc4cc-2924-4dcc-94f1-40d226e86b6c,hats.inc,premium,2170,2800,65,15,4,namecheap,,
039f22c6-8fc9-4081-a6e9-e6a02a003e1b,tablets.gratis,available,26.99,,68,11,7,name.com,,
03a0f777-d7ce-49c8-964b-86819ce91ea3,chickpeas.attorney,available,62.99,62.99,62,3,9,namesilo,,
03a30cf8-1957-41fd-8699-7dcb028f57ab,hats.christmas,premium,812.5,,65,15,4,name.com,,
03a3d925-ac68-4429-a449-55ae73dcd17e,jetblack.equipment,available,19.99,,82,8,9,name.com,,
03a45b16-17ce-4723-8ff7-e06a2af20b80,dogsbodies.game,available,309.99,329.99,76,1,10,namesilo,,
03a64890-2849-4312-96af-ce60756297e9,chickensoup.jewelry,available,19.99,,84,4,12,name.com,,
03a710dc-3151-4e08-8af5-457db7356a4d,chickensoup.free,available,44.98,,84,4,12,namecheap,,
03a85a66-c039-4867-99bf-19696331e00c,abides.tires,available,14.99,,70,4,6,name.com,,
03aa9182-54fd-4e05-bf80-f5bc2c2253ba,destinies.bid,available,5.25,6.25,72,4,9,namesilo,,
03abe000-aa44-43c8-9cba-ca6a9c99ff14,blackpanther.new,available,549.99,,80,10,13,name.com,,
03ac379a-5826-4ad7-8266-2b7e36ea75d6,barbecues.vc,available,39,,66,4,9,name.com,,
03ae5823-28cd-4430-9d3b-6c6b5cca6232,events.organic,available,19.99,,68,37,6,name.com,,
03ae8b3a-d5a1-4173-ba0f-c5e4c20e2eb1,designers.moi,available,25.99,25.99,72,15,9,namesilo,,
03b0e460-4bfd-4973-aa93-31fd0af33ced,OLEDdisplay.tools,available,17.99,,62,1,12,name.com,,
03b0f1e6-a4b1-4b9f-933d-f4cc8fb69a98,dogwoods.accountant,available,23.59,23.59,76,2,8,namesilo,,
03b2699d-5afb-418c-943f-0408cb3be772,favours.porn,available,154.98,,66,4,7,namecheap,,
03b30599-2b28-4d49-854a-d676e161aa75,designers.cooking,available,32.49,32.49,72,15,9,namesilo,,
03b4bd86-a791-445d-a688-c6dd421bba10,abided.engineer,available,13.99,,70,1,6,name.com,,
03b544d7-1717-4548-b2f4-62c8f32f2da9,dogstail.homes,available,1.99,,94,1,8,name.com,,
03b5888f-ec63-4153-af36-bcee338e7715,schools.mba,premium,250,,72,24,7,name.com,,
03b94303-4854-4ba7-8714-3a04da5be43a,veggies.report,available,14.99,,64,7,7,name.com,,
03b94559-bed8-4938-9b7f-1de5ab6cbaeb,bonappetit.forsale,available,19.99,,86,8,11,name.com,,
03bad5c9-d197-4c31-85e2-67531cdc173e,cuddles.markets,available,9.99,,71,10,7,name.com,,
03bae5c8-0b65-442f-bae5-9d03e34e004b,AcademyAwards.sbs,available,19.48,,68,3,14,namecheap,,
03bf7da3-868f-475b-a167-dc5200c32b5e,JollyRoger.surf,available,43.98,,82,10,11,namecheap,,
03c2e255-f82f-4f03-a2e8-7554be0aeb7c,NASAsupported.moi,premium,,,60,1,14,,,
03c3b9bd-9bda-4e99-85bd-60c3dfeeff1a,solarpower.party,premium,1250,,84,15,11,name.com,,
03c4dbfa-f5ed-45a9-b094-021d9d88e1d5,beaches.shopping,available,14.99,,72,14,7,name.com,,
03c560d6-f7e0-46db-80fb-12f03b223bf6,favors.reviews,available,7.99,,76,8,6,name.com,,
03c72211-c25a-4d3c-b90a-617555f6505e,chatbot.gay,resell,,,82,36,7,"Spaceship, Inc.",15/09/2025 18:39,15/09/2026 18:39
03ca295b-6ef6-4e38-a784-1e5f8bf800d6,dogsick.soy,available,24.99,,90,1,7,name.com,,
03ca4775-fcbc-49f2-99ab-a31c0c41d8f3,superhero.yoga,available,45.98,,84,23,9,namecheap,,
03cc4b3a-7449-481d-8307-a2a68c943928,CyberMonday.name,available,9.98,,78,10,12,namecheap,,
03cc6c39-a319-4817-ac65-660c4cb8d83d,CyberMonday.institute,available,37.98,,78,10,12,namecheap,,
03cd6f86-a1ae-4007-9778-7808054871e3,MardiGras.courses,available,50.98,,78,10,10,namecheap,,
03cf2c43-bbb1-400b-8d99-4a19b4220295,icons.build,premium,1875,,68,19,5,name.com,,
03cff3ed-e5c3-40bd-ac1c-c73daaa15620,pierogi.date,available,9.98,,82,7,7,namecheap,,
03d146a7-6053-4dd6-9d03-df2cd25a69ea,bonvoyage.mx,available,49.99,,88,16,10,name.com,,
03d19055-9ccf-454c-8d06-6cb3c5ab2cf6,Tshirts.bz,available,25,,70,20,8,name.com,,
03d1f598-35d2-4549-a0a4-cb9f49ae453a,bonvoyage.accountant,premium,437.5,,88,16,10,name.com,,
03d23c29-a504-49b1-b16f-d13df047ca25,Apples.accountant,premium,700,91,90,16,6,namecheap,,
03d2917b-7e13-40f3-ba19-cce843ef8525,allyoucaneat.io,available,53.99,,72,10,15,name.com,,
03d3b74f-6c29-4fb2-9054-2aa8a345f937,dogsledding.pub,available,39.99,39.99,76,2,11,namesilo,,
03d61ca7-3312-48e8-b08f-885e73aba639,favors.pizza,available,19.99,,76,8,6,name.com,,
03d68688-f6d9-4a99-a203-e1c320150eb8,MardiGras.now,resell,,,78,10,10,Unstoppable Domains Inc.,10/10/2024 00:34,10/10/2026 00:34
03d6e99e-72ac-4f41-8f97-e01cbde5ded9,teeheehee.vacations,available,9.99,,88,1,11,name.com,,
03d6f61f-0d96-49c0-aa1e-695d9e3c8502,secondyear.church,available,11.99,,66,1,11,name.com,,
03d8aa0e-9d00-42c7-9ceb-ccd508c2f9d7,lordoftherings.faith,premium,437.5,,80,5,17,name.com,,
03dc1a18-3eb2-4474-bc5d-4a8b95e990df,chocolates.fund,available,15.99,,70,11,10,name.com,,
03dc3733-c2d2-4025-96bc-cacbc9de9e2d,RomanEmpire.icu,available,20.98,,86,4,12,namecheap,,
03dd1e40-4389-47e7-89db-49ad135d7522,chocolates.fm,available,88.99,88.99,70,11,10,namesilo,,
03dde3a8-074f-4aa8-9c42-55529db3c145,jetblack.sh,available,59.99,,82,8,9,name.com,,
03dded16-e1d5-4e47-ba7f-72dde3f03a64,barbecuesauce.futbol,available,19.99,,76,2,14,name.com,,
03deaaa0-3733-42f3-a891-21d8b28818a5,NASAsupported.broker,available,47.98,,60,1,14,namecheap,,
03e1d807-9488-4102-b908-162da296188a,dogstail.travel,available,39.99,,94,1,8,name.com,,
03e28dbc-a089-4e66-94e7-109e3eed1f13,BlackFriday.kiwi,premium,,,74,29,12,,,
03e3d13a-4390-4171-a444-4eb01ed4ae2d,dogwalking.photos,available,14.99,,94,8,10,name.com,,
03e577f3-f1f9-416c-b6a0-fb51b215a1ed,fruits.tel,available,10.99,,74,17,6,name.com,,
03e5aa02-a4b3-4fdb-a66d-9240ab551e25,dogstooth.international,available,14.99,,76,1,9,name.com,,
03e6d8fd-1502-4e97-9cda-c613bcef26b8,paradoxes.school,available,9.99,,70,3,9,name.com,,
03e7d7ac-18c5-4ffa-aebb-307ab17b9ef7,furnishings.lifestyle,available,39.99,,80,5,11,name.com,,
03eac542-c54e-463e-98e6-9e12416caff5,Snickers.insure,available,91.98,,80,10,8,namecheap,,
03ec2a6c-9346-4197-b21d-613d58e34498,cucumbers.lgbt,available,19.99,,74,4,9,name.com,,
03ed1c9e-a70e-4e4c-94fb-ae901855fa2b,sharps.energy,available,21.99,,70,9,6,name.com,,
03ede0d2-39f8-40a7-8a8f-af167b883ab6,dogsledding.florist,available,14.99,,76,2,11,name.com,,
03ee1429-8550-47e0-aecc-4395231d7a78,dogtoothgrass.trading,available,19.99,,86,0,14,name.com,,
03f0e5ed-5b51-48b8-822d-604309d2d991,icons.repair,available,9.99,,68,19,5,name.com,,
03f1c96b-2e0e-4aa2-970f-ebb3acadc205,slicedbread.tours,available,9.99,,86,4,12,name.com,,
03f364c1-fcce-4ae9-8138-6cbdc3059743,barbecuedpork.legal,available,9.99,,58,0,14,name.com,,
03f3f661-f6b4-4a0a-b7db-074eed34c875,signs.forex,available,19.99,,64,22,5,name.com,,
03f924e9-20c9-4589-9c0f-359a433d50d2,OLEDdisplay.software,available,19.99,,62,1,12,name.com,,
03f95696-44ce-4ea0-b4ce-8a42f4eacc15,MickeyMouse.study,available,50.98,,86,11,12,namecheap,,
03f9cda1-d878-49ec-a331-c82fccbc4889,CoventGarden.industries,available,58.98,,72,6,13,namecheap,,
03fafd33-2e5c-4120-9c4f-f529f405785a,cuddles.solar,available,9.99,,71,10,7,name.com,,
03fb80cd-39d6-4f1c-ad7b-2751b9befe2a,makelemonade.xxx,available,154.98,,72,4,13,namecheap,,
03fc3fd2-5cb3-482a-95ec-17ca47263916,AcademyAward.rentals,available,56.98,,76,1,13,namecheap,,
03fc5554-9a76-4cf7-8e30-7eb8d20d5d62,weddingcake.pizza,available,19.99,,85,5,12,name.com,,
03fdd8f5-585c-4515-9a04-5eff2e384421,hats.university,available,19.99,,65,15,4,name.com,,
03feb41f-16f3-421b-893c-c9fd994db1fd,neuroscience.schule,available,19.99,,80,37,12,name.com,,
03ff2d41-6103-4e71-bf2f-ef2966101cd6,cuddleup.associates,available,21.99,,89,4,9,name.com,,
04001751-4093-442e-8429-6fc8ca054a3a,finalfrontier.limo,available,19.99,,76,7,14,name.com,,
0401261a-7332-48b5-80ac-4fb68868e90b,dogsit.dating,available,23.99,,96,2,6,name.com,,
0403a25a-cbbd-4d87-8527-a38d19a2a880,buttercups.pw,available,20.48,,68,4,10,namecheap,,
04048508-5bc0-4da8-b3dc-d362e249457f,AcademyAward.exchange,available,49.98,,76,1,13,namecheap,,
0404c07f-59b7-4a39-bc9d-52d898314ce8,MardiGras.vet,available,52.98,,78,10,10,namecheap,,
0405c0a3-7a34-41eb-b668-aa533adf1c60,AcademyAward.shoes,available,81.98,,76,1,13,namecheap,,
04078df2-5b67-4094-a564-390eb75b7da3,nights.marketing,available,9.99,,74,12,6,name.com,,
0407f16b-90a6-40af-9ce9-e53778c968bd,butterflykeyboard.forex,available,19.99,,72,1,18,name.com,,
0408d585-0b08-453d-9d3c-0b713b454454,secondyear.run,available,6.99,,66,1,11,name.com,,
040babba-686d-4d90-a018-655fabe8fdf8,dogstooth.center,available,7.99,,76,1,9,name.com,,
040c0625-bdd3-4e9f-b2be-b0711a57036d,AcademyAwards.hospital,available,71.98,,68,3,14,namecheap,,
040ea2a3-7351-4c73-a1c3-9102fdc97a35,CocaCola.inc,available,2798,,92,82,9,namecheap,,
040f770d-3cf7-4874-a56d-66421b08226a,barbecuesauce.faith,available,16.98,,76,2,14,namecheap,,
041134c8-d3e7-4b34-b6f3-74a7a8c90b9d,WorldExpo.channel,available,16.48,,69,9,10,namecheap,,
0411ace9-9a1a-4722-aa86-19e483d93f0a,CocaCola.press,available,43.48,,92,82,9,namecheap,,
0411d932-ef78-42d3-b761-9524af500c50,HarryPotter.trade,premium,490,70,72,20,12,namecheap,,
04155cb4-6b39-4ee7-b7e1-39bd911e642f,AcademyAwards.maison,available,69.98,,68,3,14,namecheap,,
0416cdce-84d3-4b0f-a014-0764b2ce29ca,Snickers.global,available,127.98,,80,10,8,namecheap,,
0418d460-4462-4b69-b60c-dd78dd3102bc,thirdyear.sydney,available,54.98,,66,1,10,namecheap,,
041a7383-f948-4f56-b5b7-72e4ec038da2,chaitea.supply,available,30.99,,86,3,8,name.com,,
041ac18b-78ef-455f-86bb-a3fbc5be8751,fruits.forum,premium,87.5,,74,17,6,name.com,,
041bf4ac-7692-44ec-89fc-ccdc5944ae20,bonappetit.city,available,7.99,,86,8,11,name.com,,
041c0bcd-1572-4f80-9fbf-8dca962ed55f,mealsonwheels.salon,available,14.99,,80,5,15,name.com,,
041d777f-ccd8-4ec3-809a-0e727d4bc6d2,abided.mba,available,19.99,,70,1,6,name.com,,
041ed1e0-5c53-4c23-a06b-b2747564c2d2,superhero.fail,available,14.99,,84,23,9,name.com,,
041f87a3-6d08-4f42-9f51-2c1d3b8312b0,lordoftherings.esq,available,26.99,,80,5,17,name.com,,
04205996-c3b2-4fe2-890d-3111ab07a02a,designers.dealer,premium,2170,2800,72,15,9,namecheap,,
042369c6-fff2-4d6d-8d07-fed2a8e76298,pierogi.security,available,2950,,82,7,7,namecheap,,
04251c4a-4e97-4019-8fe6-64ea7972caa1,dogsledding.ink,available,2.99,,76,2,11,name.com,,
04267cde-94ec-4bb8-a2a4-3adb2a7183f2,dogsledmail.download,available,9.98,,94,0,12,namecheap,,
0426f9ee-1dc4-4eb0-bd6c-795f86b8dad1,thirdyear.ca,available,9.99,9.99,66,1,10,namesilo,,
042b4742-2da8-4318-88fd-fd7636b1b6d1,pierogi.reise,available,99.99,,82,7,7,name.com,,
042c085a-7955-4011-a0b7-1bceaa98454c,favors.singles,available,12.99,,76,8,6,name.com,,
042c241b-070c-4ec6-abed-01f5293c8013,RomanEmpire.city,available,37.98,,86,4,12,namecheap,,
042d5b8d-32b3-4df1-8909-73fc670d597c,gems.recipes,available,11.99,,70,28,4,name.com,,
042db625-fbde-430a-8855-0e24de18ed1d,designers.degree,available,14.99,,72,15,9,name.com,,
042f06fd-3755-4d8e-a57c-0d292f2207fb,HarryPotter.science,available,16.98,,72,20,12,namecheap,,
042f2527-f14a-432e-853c-ab11b0750435,MickeyMouse.vegas,available,64.98,,86,11,12,namecheap,,
04317173-b593-4948-8aad-b608a66460b5,jetaircraft.consulting,available,26.99,,62,1,12,name.com,,
0431b070-5410-40cf-bf99-95832ce55fa3,cucumbers.black,available,29.99,,74,4,9,name.com,,
04334154-28e2-4b46-a20a-7cb8d0e9976d,tablets.promo,premium,3125,,68,11,7,name.com,,
0433ecb0-6cd5-4797-9c0a-d66f408857de,filets.now,available,38.99,38.99,66,2,6,namesilo,,
04353b98-e4b9-47ab-bc7c-2f400f29c35d,invitation.ryukyu,available,22.98,,82,15,10,namecheap,,
0435fba4-ec94-490e-b11f-9f6cd60cc8c7,Acup.exchange,available,49.98,,80,5,5,namecheap,,
0437a621-332c-4377-b75c-d1b66b522c8d,barbecuesauce.hair,available,1.99,,76,2,14,name.com,,
0437e5aa-85e4-4ceb-bb76-942387fce0ae,Rhiannon.ryukyu,available,22.98,,77,7,8,namecheap,,
0437f99b-fb0d-45dd-83f0-f149a77991bd,chaitea.icu,available,1.99,,86,3,8,name.com,,
0438180f-c155-4324-88f8-a9e8e0fd5558,jetaircraft.eu,available,10.99,,62,1,12,name.com,,
043caf2d-a43c-4dbd-ba90-2cfc9812dc80,chocolates.actor,available,19.99,,70,11,10,name.com,,
043ef75b-7a35-4182-908a-2c6556cc1a7f,schools.webcam,premium,125,,72,24,7,name.com,,
04405a58-000b-4275-8cac-6ebebcd87c4d,chocolates.vote,available,49.99,,70,11,10,name.com,,
04408cae-b942-4837-ad99-d3c8b78064f0,barbecuesauce.company,available,3.99,,76,2,14,name.com,,
04424244-2b20-4a1f-954f-082f754e5a51,cocoa.supply,resell,,,78,21,5,"GoDaddy.com, LLC",06/07/2020 14:25,06/07/2026 14:25
04425a98-deeb-40d9-9d17-61c77b6d24d8,conflicts.family,available,9.99,,66,5,9,name.com,,
0444ec72-337f-4cc7-87f9-0f39ad805ae2,cuddles.foo,available,16.99,,71,10,7,name.com,,
04480bd5-5a5f-4cb2-940f-01a8d4149085,chickensalad.navy,available,42.99,,76,3,13,name.com,,
04491cdc-6bfa-4eb8-81fd-a45fd07b0044,dogsit.immo,available,14.99,,96,2,6,name.com,,
0449b44e-e3f4-4af1-a714-b110235bdd53,inspiration.bz,available,25,,88,30,11,name.com,,
044ac2f4-f6f8-430e-a576-63fc35368f54,dogsbodies.guitars,available,104.99,114.99,76,1,10,namesilo,,
044c7b49-b980-4577-83b1-8c965c217d46,destinies.sarl,available,6.99,6.99,72,4,9,namesilo,,
044cdc68-e67c-4026-aff0-aff31200afd0,loops.zone,available,14.99,,70,19,5,name.com,,
044ced03-c3e0-4aed-99d4-f96e7623167f,matcha.beauty,available,1.99,,86,39,6,name.com,,
044d064c-2033-4bc3-8f45-dc97f2e5dc38,pierogi.band,available,29.99,,82,7,7,name.com,,
044d15b8-3a82-444e-9c94-ba5be6e8bbbd,becalled.promo,available,19.99,,86,2,9,name.com,,
044d5b8e-5e87-4882-abd2-f81eb4127f00,JollyRoger.house,available,55.98,,82,10,11,namecheap,,
044dd122-417d-4cd5-b7be-60a5d12f6509,center.ryukyu,available,22.98,,78,30,6,namecheap,,
044df3c9-3301-4230-8ee7-65af41688b8e,barbecuedpork.lol,available,1.99,,58,0,14,name.com,,
044e1456-4ee6-440e-a5e1-a1d96a3313dd,pierogi.equipment,available,19.99,,82,7,7,name.com,,
0450dc6d-f0fc-4c19-8331-4e44e185a97e,icons.kiwi,available,35.68,,68,19,5,namecheap,,
04514d61-5c49-44b8-aa30-b937f5341cd6,matcha.contractors,available,9.99,,86,39,6,name.com,,
0451c830-12a4-4bd0-bcd4-6b25b31da955,FabFour.audio,available,104.99,114.99,82,3,8,namesilo,,
04520794-0758-4d87-8cae-26d60560a486,abides.asia,available,2.99,,70,4,6,name.com,,
0452f70d-ed28-4392-a0d9-5fe760787a72,dogwalking.pics,available,1.99,,94,8,10,name.com,,
04538228-becf-4643-a31a-a9d6a141bc9c,HarleyDavidson.forex,available,133.98,,78,9,15,namecheap,,
0453a4ec-2ad8-423d-b042-7d453ad2cdc3,AcademyAward.link,available,11.98,,76,1,13,namecheap,,
04553e5a-366e-4e07-a041-02e967dfdbeb,AcademyAward.navy,available,45.98,,76,1,13,namecheap,,
04558001-0f48-4f1c-86a4-147e8d5e6db4,constants.coach,available,19.99,,70,4,9,name.com,,
04568235-127d-41b6-a2a8-990ad769e7b3,chickenstrips.exchange,available,10.99,,74,2,14,name.com,,
04576660-d65f-425b-8e7c-076b4ccc421b,letitbe.mobi,available,6.99,,89,7,9,name.com,,
04586c40-b93d-4603-8095-dabf19368683,lavaliermicrophone.shop,available,2.99,,72,1,19,name.com,,
04593b82-36aa-46f1-b099-fd9307576db7,Places.partners,available,88.98,,74,22,6,namecheap,,
045b740d-b5ec-4975-9f6c-eed254f2bf69,abilities.design,available,19.99,,74,4,9,name.com,,
045c5591-c132-4ed5-bea0-e14bef0a5998,designers.boutique,available,6.99,,72,15,9,name.com,,
045d09b0-09b4-4f0b-a6af-6d393706deb3,cuddleup.football,available,19.99,,89,4,9,name.com,,
045e32d7-e8d3-4a40-8929-a9c22f1d82a6,chickpeas.club,premium,29.5,17.7,62,3,9,namesilo,,
045f0f0e-00db-4d27-ad95-4a4049b2f579,AcademyAwards.kaufen,available,33.58,,68,3,14,namecheap,,
04616320-8209-47aa-897d-fce9c46591e0,finalfrontier.irish,available,9.99,,76,7,14,name.com,,
04630f42-c46c-4b4f-8a78-433924541e80,filets.cfd,available,1.49,,66,2,6,name.com,,
04640e07-f0cd-4727-9c8b-44dc943f293f,deeplearning.navy,available,42.99,,74,23,13,name.com,,
04672b2a-b73e-4809-8444-60e80297a038,bigidea.kiwi,available,35.68,,66,12,8,namecheap,,
046940f4-decd-4d74-9203-6ea453f4b1e9,mealsonwheels.security,available,2950,,80,5,15,namecheap,,
046e78f2-122f-4271-af3e-e549646608ed,solarenergy.hospital,available,71.98,,88,16,12,namecheap,,
0471236b-b4ca-49a2-9ad3-40be9bcde004,profitability.catering,available,46.99,,76,8,13,name.com,,
0471688c-9eac-4858-8225-11b8c01f4d03,OLEDdisplay.cards,available,3.99,,62,1,12,name.com,,
04745e06-1ce3-4c58-8d97-edf9e2dd3685,lordoftherings.photography,available,9.99,,80,5,17,name.com,,
0474803e-0cae-4c51-b848-14b2db2662cc,conflicts.lease,available,14.99,,66,5,9,name.com,,
04749341-56b7-4c30-ba2f-24ea59023a72,chickenfriedsteak.market,available,55.98,,72,1,19,namecheap,,
04749e51-b9e2-4ada-8f0d-8eb6ae8d6233,chickensalad.bingo,available,14.99,,76,3,13,name.com,,
04752395-8c28-41b9-ae62-bf010a595318,dogsledmail.clinic,available,19.99,,94,0,12,name.com,,
04761e27-c24a-4802-a4e6-463dd1ca3aa9,desires.foo,premium,36.25,,72,9,7,name.com,,
04773637-cb82-4567-a64b-6b66e8205594,Snickers.llc,available,54.98,,80,10,8,namecheap,,
04788137-05c9-4d1a-aafc-3f1f291abd73,nights.careers,available,49.99,,74,12,6,name.com,,
0478de86-3bd6-4a29-8c51-eba561d6e1cc,cuddleup.engineer,available,13.99,,89,4,9,name.com,,
0479213d-b441-47d3-bd29-844f5a9a85d9,CoventGarden.mx,available,58.98,,72,6,13,namecheap,,
04797058-c855-4ebc-ae90-d3c07ff84108,OLEDdisplay.academy,available,21.99,,62,1,12,name.com,,
047a6b4e-f6eb-46c4-a79a-164e480b9881,Places.fishing,available,45.98,,74,22,6,namecheap,,
047aedd4-8f8d-4bcb-9bf5-1e2b9db5e548,MickeyMouse.fitness,available,54.98,,86,11,12,namecheap,,
047d475e-edee-45e7-89f6-905813c8a942,superhero.juegos,available,478.98,,84,23,9,namecheap,,
047e252b-a1ef-4694-a40f-28cccb65d678,dogwoods.locker,available,13.25,37.99,76,2,8,namesilo,,
047e77e2-4922-401e-8f64-38ddf95cb804,teeheehee.technology,available,17.99,,88,1,11,name.com,,
047ec1c1-b866-41ea-a1a5-6e5ba889f220,dogsledmail.boats,available,1.99,,94,0,12,name.com,,
047f919e-7ab7-4f10-864c-de7e87d9c619,bonappetit.sucks,premium,2938.6,2938.6,86,8,11,namecheap,,
04822c76-a976-4022-bef7-961918489fac,favors.surf,available,43.98,,76,8,6,namecheap,,
04827ed7-24be-4417-860d-f72024b25b30,dogstail.exposed,available,25.99,,94,1,8,name.com,,
0483bdcf-5fe9-42bb-9e5c-7f32a1ad25d7,RomanEmpire.srl,premium,,,86,4,12,,,
048ac072-cef9-496d-b927-ad0941fd175b,chocolates.builders,available,7.99,,70,11,10,name.com,,
048af0c0-b00b-445f-ba12-a14ea5ca1708,MardiGras.best,available,23.08,,78,10,10,namecheap,,
048afdeb-3fa5-4e96-9136-76fd62cb1da4,dogsick.boats,available,1.99,,90,1,7,name.com,,
048d8a7f-f740-4f41-8676-b7575e8374eb,desires.my,available,19.99,,72,9,7,name.com,,
048dded2-8493-4d8c-9f56-eca70b402d33,makeupartist.money,available,19.99,,76,5,13,name.com,,
048ef210-19e0-447e-8fa3-691456577542,matcha.lease,available,14.99,,86,39,6,name.com,,
048f81fc-d021-48a4-a7ad-a944483a7e7a,chickensalad.mov,available,15.98,,76,3,13,namecheap,,
048fac88-43fc-4e85-b117-8bd26528c141,MickeyMouse.ltd,available,42.98,,86,11,12,namecheap,,
04905011-137e-4867-a91c-04ada55fa23b,makeupartist.biz,resell,,,76,5,13,"Moniker Online Services, LLC",24/07/2002 11:34,23/07/2026 23:59
0491fb50-0dea-4068-9a46-377434a53aa2,desires.charity,available,5.99,,72,9,7,name.com,,
049227b4-d70b-4189-8a6e-76e97ee9ccab,satisfies.tattoo,available,48.98,,67,2,9,namecheap,,
04928c55-565f-4506-8ec9-c15a43c6c017,gems.lgbt,available,19.99,,70,28,4,name.com,,
0495fe0d-b921-4bd5-802d-625a80eff1ca,lordoftherings.wtf,available,5.99,,80,5,17,name.com,,
0496497c-de77-46db-8319-9d6461d33798,conflicts.discount,available,7.99,,66,5,9,name.com,,
04971a97-a660-4b66-a89e-caa2dd21d871,chatbot.homes,resell,,,82,36,7,"Spaceship, Inc.",15/09/2025 18:39,15/09/2026 23:59
049792bd-6891-491b-aec3-4c5fedb1dd72,inspiration.viajes,available,57.98,,88,30,11,namecheap,,
0497c559-bc38-42ef-8bcb-dda4851e8b2f,jetaircraft.deals,available,5.99,,62,1,12,name.com,,
04996e5c-e040-4191-82bd-d1b2d941396b,FabFour.chat,available,9.99,,82,3,8,name.com,,
0499d292-2fd5-4c18-8797-0aa844ec8023,furnishings.email,available,9.99,,80,5,11,name.com,,
049aea91-b26f-4c22-9505-efff80220ce0,model.fun,premium,,,90,38,5,,,
049d7af6-1ef2-4e94-af51-66594cb53f90,barbecuedpork.buzz,available,2.49,,58,0,14,name.com,,
049e08c4-dc9f-4115-9a3a-416bebed1c83,abides.vip,available,10.98,,70,4,6,namecheap,,
049f7c82-83ee-4946-9ef0-82126be02887,Apples.skin,available,19.98,,90,16,6,namecheap,,
04a0c958-f060-4932-b8c7-19b3dc9fad08,divinegrace.pictures,available,9.99,,68,3,12,name.com,,
04a0cd4b-c633-4965-bc29-5955ac0d4fed,MardiGras.new,available,601.98,,78,10,10,namecheap,,
04a0f6ee-76d8-4672-83e0-ebbf8588b1cb,sharps.sh,available,39.99,47.99,70,9,6,namesilo,,
04a3e2ce-6a65-41e4-8bc4-cfc8410b1ea2,Snickers.audio,available,159.98,,80,10,8,namecheap,,
04a3f47c-53e4-46c5-87bf-5123115fb09f,jetaircraft.reviews,available,7.99,,62,1,12,name.com,,
04a4c343-54f5-4b16-8114-4f3b9cf33d57,weddingcake.buzz,available,2.49,,85,5,12,name.com,,
04a634a8-50a6-4928-a9a2-94d473d969ec,secondyear.casa,available,2.19,12.99,66,1,11,namesilo,,
04a7eea0-31a2-4bfb-ad63-f3a36ad74b1b,destinies.voting,available,1448,,72,4,9,namecheap,,
04a92d03-eba2-43e0-b565-7f37b2389934,deeplearning.ing,available,16.98,,74,23,13,namecheap,,
04a959e9-62e2-469f-abac-4c24d4add1d5,dogstooth.jetzt,available,9.99,,76,1,9,name.com,,
04ab23b9-c2a5-439a-a58c-908489f4e205,bonappetit.industries,available,17.49,,86,8,11,name.com,,
04b10e5b-bbd3-4214-bbf6-514ab15dfcd1,MickeyMouse.surgery,available,68.98,,86,11,12,namecheap,,
04b35dbe-bf09-4147-96ae-fa9f4411dfb0,constants.shoes,available,39.99,,70,4,9,name.com,,
04b74ba3-06e3-4b08-8030-e2d4d8bfc129,MickeyMouse.giving,available,35.98,,86,11,12,namecheap,,
04b8a2f6-e633-459d-93fb-07a9c7340a39,towels.ink,available,2.99,,68,9,6,name.com,,
04b8fadb-2b9f-4288-a141-0e23c461f358,chickensalad.bz,available,25,,76,3,13,name.com,,